/*
    Cathy's Custom Cakes
    Model by Bill Barry, Sept. 2019
    Sample data by Bill Barry, Sept. 2019
        ...with some Customer and Supplier data generated using Mockaroo.com 
        ...and some linking data generated using a Python script written for this purpose
*/

SET UNIQUE_CHECKS = 1;
SET FOREIGN_KEY_CHECKS = 1;

-- -----------------------------------------------------
-- Database
-- -----------------------------------------------------
DROP DATABASE IF EXISTS CathyCakes;
CREATE DATABASE CathyCakes;
USE CathyCakes;

-- -----------------------------------------------------
-- Tables
-- -----------------------------------------------------
CREATE TABLE ZipCode (
  ZipCode CHAR(5) NOT NULL,
  ZipCodeCity VARCHAR(30) NOT NULL,
  ZipCodeState CHAR(2) NOT NULL,
  
  PRIMARY KEY (ZipCode)
);

CREATE TABLE Customer (
  CustomerId MEDIUMINT(5) UNSIGNED NOT NULL AUTO_INCREMENT,
  CustomerLastName VARCHAR(30) NOT NULL,
  CustomerFirstName VARCHAR(30) NOT NULL,
  CustomerPhone CHAR(10) NOT NULL,
  CustomerEmail VARCHAR(40),
  CustomerAddress VARCHAR(50),
  ZipCode CHAR(5) NOT NULL,
  
  PRIMARY KEY (CustomerId),
  INDEX fk_Customer_ZipCode_idx (ZipCode ASC),
  CONSTRAINT fk_Customer_ZipCode
    FOREIGN KEY (ZipCode)
        REFERENCES ZipCode (ZipCode)
        ON DELETE NO ACTION
        ON UPDATE NO ACTION
);

CREATE TABLE CakeOrder (
  CakeOrderId MEDIUMINT(5) UNSIGNED NOT NULL AUTO_INCREMENT,
  CustomerId MEDIUMINT(5) UNSIGNED NOT NULL,
  CakeOrderDateOrdered DATE NOT NULL,
  CakeOrderDateNeeded DATE NOT NULL,
  CakeOrderStatus ENUM('Ordered', 'InProcess', 'Completed') NOT NULL,
  CakeOrderType ENUM('Pickup', 'Delivery'),
  
  PRIMARY KEY (CakeOrderId),
  INDEX fk_CakeOrder_Customer_idx (CustomerId ASC),
  CONSTRAINT fk_CakeOrder_Customer
    FOREIGN KEY (CustomerId)
        REFERENCES Customer (CustomerId)
        ON DELETE NO ACTION
        ON UPDATE NO ACTION
);

CREATE TABLE Product (
  ProductId MEDIUMINT(5) UNSIGNED NOT NULL AUTO_INCREMENT,
  ProductName VARCHAR(45) NOT NULL,
  ProductLevelType ENUM('Tiered', 'Stacked', 'None') NOT NULL,
  ProductLevelCount TINYINT(1) UNSIGNED NOT NULL DEFAULT 1,
  ProductServings SMALLINT(3) UNSIGNED NOT NULL,
  ProductPrice DECIMAL(6,2) NOT NULL,
  
  PRIMARY KEY (ProductId)
);

CREATE TABLE Flavor (
  FlavorId MEDIUMINT(5) UNSIGNED NOT NULL AUTO_INCREMENT,
  FlavorName VARCHAR(30) NOT NULL,
  
  PRIMARY KEY (FlavorId)
);

CREATE TABLE Shape (
  ShapeId MEDIUMINT(3) UNSIGNED NOT NULL AUTO_INCREMENT,
  ShapeName VARCHAR(45) NOT NULL,
  
  PRIMARY KEY (ShapeId)
);

CREATE TABLE ProductOrder (
  ProductOrderId MEDIUMINT(5) UNSIGNED NOT NULL AUTO_INCREMENT,
  CakeOrderId MEDIUMINT(5) UNSIGNED NOT NULL,
  ProductId MEDIUMINT(5) UNSIGNED NOT NULL,
  FlavorIdCake MEDIUMINT(5) UNSIGNED NOT NULL,
  FlavorIdExterior MEDIUMINT(5) UNSIGNED NOT NULL,
  ShapeId MEDIUMINT(3) UNSIGNED NOT NULL,
  ProductOrderExterior ENUM('Frosting', 'Fondant', 'None') NOT NULL,
  ProductOrderInstructions VARCHAR(255) NULL,
  
  PRIMARY KEY (ProductOrderId),
  INDEX fk_ProductOrder_Product_idx (ProductId ASC),
  INDEX fk_ProductOrder_CakeOrder_idx (CakeOrderId ASC),
  INDEX fk_ProductOrder_FlavorCake_idx (FlavorIdCake ASC),
  INDEX fk_ProductOrder_FlavorExterior_idx (FlavorIdExterior ASC),
  INDEX fk_ProductOrder_Shape_idx (ShapeId ASC),
  CONSTRAINT fk_ProductOrder_CakeOrderId
    FOREIGN KEY (CakeOrderId)
        REFERENCES CakeOrder (CakeOrderId)
        ON DELETE NO ACTION
        ON UPDATE NO ACTION,
  CONSTRAINT fk_ProductOrder_Product
    FOREIGN KEY (ProductId)
        REFERENCES Product (ProductId)
        ON DELETE NO ACTION
        ON UPDATE NO ACTION,
  CONSTRAINT fk_ProductOrder_FlavorIdCake
    FOREIGN KEY (FlavorIdCake)
        REFERENCES Flavor (FlavorId)
        ON DELETE NO ACTION
        ON UPDATE NO ACTION,
  CONSTRAINT fk_ProductOrder_FlavorIdExterior
    FOREIGN KEY (FlavorIdExterior)
        REFERENCES Flavor (FlavorId)
        ON DELETE NO ACTION
        ON UPDATE NO ACTION,
  CONSTRAINT fk_ProductOrder_Shape
    FOREIGN KEY (ShapeId)
        REFERENCES Shape (ShapeId)
        ON DELETE NO ACTION
        ON UPDATE NO ACTION
);

CREATE TABLE Supplier (
  SupplierId MEDIUMINT(5) UNSIGNED NOT NULL AUTO_INCREMENT,
  SupplierName VARCHAR(60) NOT NULL,
  SupplierPhone CHAR(10) NOT NULL,
  SuppierContact VARCHAR(45) NOT NULL,
  SupplierAddress VARCHAR(50) NOT NULL,
  ZipCode CHAR(5) NOT NULL,
  
  PRIMARY KEY (SupplierId),
  INDEX fk_Supplier_ZipCode_idx (ZipCode ASC),
  CONSTRAINT fk_Supplier_ZipCode
    FOREIGN KEY (ZipCode)
        REFERENCES ZipCode (ZipCode)
        ON DELETE NO ACTION
        ON UPDATE NO ACTION
);

CREATE TABLE Ingredient (
  IngredientId MEDIUMINT(5) UNSIGNED NOT NULL AUTO_INCREMENT,
  IngredientName VARCHAR(30) NOT NULL,
  IngredientIsAllergen ENUM('Yes', 'No') NOT NULL DEFAULT 'No',
  SupplierId MEDIUMINT(5) UNSIGNED NOT NULL,
  
  PRIMARY KEY (IngredientId),
  INDEX fk_Ingredient_Supplier_idx (SupplierId ASC),
  CONSTRAINT fk_Ingredient_Supplier
    FOREIGN KEY (SupplierId)
        REFERENCES Supplier (SupplierId)
        ON DELETE NO ACTION
        ON UPDATE NO ACTION
);

CREATE TABLE ProductIngredient (
  IngredientId MEDIUMINT(5) UNSIGNED NOT NULL,
  ProductId MEDIUMINT(5) UNSIGNED NOT NULL,
  
  PRIMARY KEY (IngredientId, ProductId),
  INDEX fk_ProductIngredient_Product_idx (ProductId ASC),
  INDEX fk_ProductIngredient_Ingredient_idx (IngredientId ASC),
  CONSTRAINT fk_ProductIngredient_Ingredient
    FOREIGN KEY (IngredientId)
        REFERENCES Ingredient (IngredientId)
        ON DELETE NO ACTION
        ON UPDATE NO ACTION,
  CONSTRAINT fk_ProductIngredient_Product
    FOREIGN KEY (ProductId)
        REFERENCES Product (ProductId)
        ON DELETE NO ACTION
        ON UPDATE NO ACTION
);

-- -----------------------------------------------------
-- Data
-- -----------------------------------------------------
INSERT ZipCode
    (ZipCode, ZipCodeCity, ZipCodeState)
VALUES
    ('98101','Seattle','WA'),
    ('98102','Seattle','WA'),
    ('98103','Seattle','WA'),
    ('98104','Seattle','WA'),
    ('98105','Seattle','WA'),
    ('98106','Seattle','WA'),
    ('98107','Seattle','WA'),
    ('98108','Seattle','WA'),
    ('98109','Seattle','WA'),
    ('98110','Seattle','WA'),
    ('98111','Seattle','WA'),
    ('98112','Seattle','WA'),
    ('98113','Seattle','WA'),
    ('98114','Seattle','WA'),
    ('98115','Seattle','WA'),
    ('98116','Seattle','WA'),
    ('98117','Seattle','WA'),
    ('98118','Seattle','WA'),
    ('98119','Seattle','WA'),
    ('98121','Seattle','WA'),
    ('98122','Seattle','WA'),
    ('98124','Seattle','WA'),
    ('98125','Seattle','WA'),
    ('98126','Seattle','WA'),
    ('98127','Seattle','WA'),
    ('98129','Seattle','WA'),
    ('98131','Seattle','WA'),
    ('98133','Seattle','WA'),
    ('98134','Seattle','WA'),
    ('98136','Seattle','WA'),
    ('98138','Seattle','WA'),
    ('98139','Seattle','WA'),
    ('98141','Seattle','WA'),
    ('98144','Seattle','WA'),
    ('98145','Seattle','WA'),
    ('98146','Seattle','WA'),
    ('98148','Seattle','WA'),
    ('98154','Seattle','WA'),
    ('98155','Seattle','WA'),
    ('98158','Seattle','WA'),
    ('98160','Seattle','WA'),
    ('98161','Seattle','WA'),
    ('98164','Seattle','WA'),
    ('98165','Seattle','WA'),
    ('98166','Seattle','WA'),
    ('98168','Seattle','WA'),
    ('98170','Seattle','WA'),
    ('98174','Seattle','WA'),
    ('98175','Seattle','WA'),
    ('98177','Seattle','WA'),
    ('98178','Seattle','WA'),
    ('98181','Seattle','WA'),
    ('98185','Seattle','WA'),
    ('98188','Seattle','WA'),
    ('98190','Seattle','WA'),
    ('98191','Seattle','WA'),
    ('98194','Seattle','WA'),
    ('98195','Seattle','WA'),
    ('98198','Seattle','WA'),
    ('98199','Seattle','WA'),
    ('98005','Bellevue','WA'),
    ('98006','Bellevue','WA'),
    ('98007','Bellevue','WA'),
    ('98008','Bellevue','WA'),
    ('98075','Issaquah','WA'),
    ('98027','Issaquah','WA'),
    ('98029','Issaquah','WA'),
    ('98052','Redmond','WA'),
    ('98053','Redmond','WA'),
    ('98074','Redmond','WA'),
    ('98033','Kirkland','WA'),
    ('98034','Kirkland','WA')
;

INSERT Customer
    (CustomerId, CustomerFirstName, CustomerLastName, CustomerPhone, CustomerEmail, CustomerAddress, ZipCode)
VALUES
	(101,'Dedra','Ogley','2064188362','dogley0@ovh.net','38 Maryland Plaza','98006'),
	(102,'Dieter','Stroud','4251129664','dstroud1@webs.com','38 Logan Trail','98146'),
	(103,'Inigo','Weatherburn','4259939889','iweatherburn2@dion.ne.jp','197 Sutteridge Street','98195'),
	(104,'Sheilah','Bortoli','4254878422','sbortoli3@aol.com','45 Thackeray Park','98165'),
	(105,'Jobi','Willoughby','2062752234','jwilloughby4@opera.com','69730 Rigney Plaza','98027'),
	(106,'Tabby','Arrighetti','2061382498','tarrighetti5@hexun.com','6 Anzinger Park','98114'),
	(107,'Andras','Lanyon','4259909320','alanyon6@businessinsider.com','8 Eggendart Junction','98112'),
	(108,'Molli','Dowson','2066002058','mdowson7@digg.com','62 Judy Lane','98109'),
	(109,'Traver','Lis','2064316958','tlis8@fda.gov','28 Bunker Hill Pass','98158'),
	(110,'Hilliary','Falconar','4251092330','hfalconar9@buzzfeed.com','438 Karstens Drive','98131'),
	(111,'Shep','Ashborn','2067127586','sashborna@newsvine.com','21 Helena Plaza','98170'),
	(112,'Rice','Babbs','4255695324','rbabbsb@jigsy.com','85198 Pankratz Junction','98075'),
	(113,'Amil','Youthead','4258449157','ayoutheadc@cocolog-nifty.com','87 Heffernan Lane','98111'),
	(114,'Lauryn','Bullcock','4256530559','lbullcockd@spotify.com','3618 Springs Point','98144'),
	(115,'Mylo','Meenehan','4259692251','mmeenehane@seattletimes.com','54 Sunfield Way','98124'),
	(116,'Rowena','Licciardello','2063234059','rlicciardellof@clickbank.net','807 Parkside Lane','98112'),
	(117,'Keen','Sarginson','2067642517','ksarginsong@bravesites.com','6 Forest Junction','98174'),
	(118,'Michel','Laise','2066409037','mlaiseh@deviantart.com','47 Vidon Center','98106'),
	(119,'Starr','Deport','2062971959','sdeporti@tripod.com','2472 Linden Crossing','98148'),
	(120,'Frederich','Hutley','2065131924','fhutleyj@utexas.edu','9752 Upham Street','98164'),
	(121,'Andrea','McNirlin','4256390589','amcnirlink@behance.net','684 Pine View Hill','98191'),
	(122,'Konstantine','Casaccio','2062804240','kcasacciol@ezinearticles.com','6126 Butternut Avenue','98144'),
	(123,'Estell','Perford','2062522813','eperfordm@biglobe.ne.jp','8019 Declaration Drive','98029'),
	(124,'Zacharia','Aberdeen','4258953635','zaberdeenn@google.fr','394 Muir Court','98007'),
	(125,'Percival','Carmont','4258081620','pcarmonto@omniture.com','685 Bluestem Lane','98191'),
	(126,'Amanda','Pritchett','4255130308','apritchettp@marriott.com','23704 Brickson Park Court','98131'),
	(127,'Kitti','Dickons','4251201573','kdickonsq@blogger.com','68 Maple Wood Point','98166'),
	(128,'Jane','Kohter','4256167152','jkohterr@timesonline.co.uk','409 Superior Avenue','98074'),
	(129,'Lula','Ranald','2063384767','lranalds@goo.ne.jp','87 Stoughton Center','98141'),
	(130,'Jeramie','Gouldthorpe','2066303898','jgouldthorpet@nba.com','89925 Miller Parkway','98110'),
	(131,'Gearard','Lecointe','4255339497','glecointeu@state.tx.us','17001 Annamark Park','98131'),
	(132,'Elfrida','Scrase','2064384003','escrasev@dot.gov','2197 Nobel Alley','98174'),
	(133,'Celestyn','Scotchforth','4258988566','cscotchforthw@gizmodo.com','8 Carey Plaza','98131'),
	(134,'Kit','Allenby','2066100210','kallenbyx@army.mil','5 Forster Circle','98033'),
	(135,'Ellary','Diament','4257835736','ediamenty@prweb.com','99344 Dapin Point','98133'),
	(136,'Trueman','Halburton','4255684767','thalburtonz@webs.com','3112 Hanson Place','98104'),
	(137,'Filbert','Khomishin','2067578775','fkhomishin10@jugem.jp','5 2nd Avenue','98155'),
	(138,'Abby','Torbett','2065722846','atorbett11@icio.us','3971 Randy Plaza','98007'),
	(139,'Luelle','Reffe','4252072986','lreffe12@marriott.com','6 Loeprich Road','98129'),
	(140,'Sherman','Redmayne','2067348392','sredmayne13@nymag.com','2040 Anhalt Way','98118'),
	(141,'Terrill','Ruegg','2065364300','truegg14@dedecms.com','915 Morningstar Circle','98165'),
	(142,'Florry','Trittam','2064745727','ftrittam15@ft.com','66934 Corben Road','98121'),
	(143,'Alisun','Gostick','2068304977','agostick16@biglobe.ne.jp','1 Haas Court','98033'),
	(144,'Darnall','Dorot','2061433483','ddorot17@dion.ne.jp','45 Monterey Park','98053'),
	(145,'Elbertina','Dickenson','4258495467','edickenson18@shinystat.com','9 Commercial Pass','98146'),
	(146,'Linea','Petlyura','2069156837','lpetlyura19@t.co','85553 Lien Lane','98101'),
	(147,'Leopold','Wybern','4256846282','lwybern1a@xrea.com','3324 Southridge Pass','98194'),
	(148,'Celeste','Geary','2068800389','cgeary1b@theglobeandmail.com','7262 Texas Lane','98198'),
	(149,'Brietta','Izhakov','4257262880','bizhakov1c@hc360.com','32 Armistice Parkway','98053'),
	(150,'Rubie','Linkie','4251124092','rlinkie1d@sogou.com','9 Katie Circle','98139'),
	(151,'Cordy','Chappelle','2062509803','cchappelle1e@bigcartel.com','89 Atwood Junction','98134'),
	(152,'Lawry','Mulqueeny','2062214136','lmulqueeny1f@soup.io','4 Fisk Point','98027'),
	(153,'Cory','Tattersall','4257758688','ctattersall1g@reuters.com','29207 Vernon Point','98133'),
	(154,'Evangelina','Zink','4255936823','ezink1h@instagram.com','26 Darwin Pass','98127'),
	(155,'Ansel','Tome','2065915919','atome1i@merriam-webster.com','94750 Grover Junction','98053'),
	(156,'Iona','Gaber','4252308003','igaber1j@illinois.edu','1 Magdeline Avenue','98005'),
	(157,'Dominique','Michele','4258599225','dmichele1k@bravesites.com','675 Grim Trail','98005'),
	(158,'Odelle','Mettetal','2064819104','omettetal1l@telegraph.co.uk','493 4th Avenue','98029'),
	(159,'Kathleen','Tyndall','2066482279','ktyndall1m@chronoengine.com','476 Lakeland Terrace','98118'),
	(160,'Kizzie','Zaczek','2061107980','kzaczek1n@thetimes.co.uk','60794 Talisman Point','98164'),
	(161,'Raeann','Kleinsmuntz','4256496134','rkleinsmuntz1o@ted.com','9 Sauthoff Drive','98125'),
	(162,'Harry','Rainy','4256350486','hrainy1p@prnewswire.com','29009 Dennis Street','98136'),
	(163,'Sharron','Drewe','2062955302','sdrewe1q@nationalgeographic.com','7 Ludington Center','98136'),
	(164,'Baron','Ferencowicz','4257269053','bferencowicz1r@xinhuanet.com','5389 Grover Crossing','98161'),
	(165,'Sibyl','Mancell','2062805054','smancell1s@dmoz.org','71186 Bowman Avenue','98029'),
	(166,'Borden','Caraher','4255378578','bcaraher1t@google.ru','8 Vera Street','98110'),
	(167,'Itch','Safont','4252262655','isafont1u@epa.gov','7871 Norway Maple Street','98124'),
	(168,'Levin','Klus','2069050265','lklus1v@rakuten.co.jp','62226 Heffernan Drive','98194'),
	(169,'Filbert','Lochran','4252889637','flochran1w@arstechnica.com','11 Anzinger Point','98198'),
	(170,'Nadine','Dabourne','4256177562','ndabourne1x@washington.edu','738 Lukken Trail','98168'),
	(171,'Kai','Garth','4251664941','kgarth1y@goo.gl','372 Mifflin Circle','98199'),
	(172,'Kevyn','Lemmens','4258823968','klemmens1z@reuters.com','2 Elgar Avenue','98075'),
	(173,'Bridget','Ratledge','4253153818','bratledge20@va.gov','66 Kenwood Road','98198'),
	(174,'Benedetta','Ruttgers','2063994290','bruttgers21@china.com.cn','7309 Lyons Avenue','98052'),
	(175,'Augustine','Szepe','4259104214','aszepe22@cafepress.com','8 Holy Cross Hill','98053'),
	(176,'Keane','Mathevon','2061363463','kmathevon23@sbwire.com','148 Ohio Parkway','98174'),
	(177,'Clari','Maxworthy','4257804032','cmaxworthy24@geocities.jp','6860 Hermina Hill','98105'),
	(178,'Harrie','Grigorio','2065449795','hgrigorio25@netlog.com','13250 Dottie Circle','98178'),
	(179,'Tamar','Trinbey','4256132740','ttrinbey26@cbsnews.com','447 Nova Center','98144'),
	(180,'Urson','Thurlby','4259518746','uthurlby27@ustream.tv','50 Dunning Court','98117'),
	(181,'Dukie','Margarson','4259853498','dmargarson28@w3.org','54 Brentwood Place','98185'),
	(182,'Deina','Hindrick','2061827687','dhindrick29@intel.com','714 Sullivan Way','98118'),
	(183,'Juliette','McAw','4251058859','jmcaw2a@telegraph.co.uk','4051 Atwood Pass','98145'),
	(184,'Orren','McNally','4254904157','omcnally2b@bizjournals.com','62 Pierstorff Drive','98198'),
	(185,'Fawnia','Blaker','4251183709','fblaker2c@ucoz.com','4429 Hazelcrest Place','98027'),
	(186,'Edwina','Toffetto','4251304508','etoffetto2d@illinois.edu','52859 Charing Cross Point','98006'),
	(187,'Celestyn','Bernon','4255830067','cbernon2e@jimdo.com','617 Haas Plaza','98115'),
	(188,'Orsa','Lowis','4256100673','olowis2f@bigcartel.com','8076 Springs Court','98194'),
	(189,'Barbara','Lownsbrough','4251050238','blownsbrough2g@deviantart.com','62894 Vernon Alley','98006'),
	(190,'Pauly','Cawdery','4252653037','pcawdery2h@go.com','8 Grayhawk Park','98006'),
	(191,'Bogart','Piscot','4253186421','bpiscot2i@studiopress.com','536 Armistice Park','98118'),
	(192,'Jonathon','Garcia','2066771733','jgarcia2j@psu.edu','128 Blue Bill Park Crossing','98191'),
	(193,'Joly','Mildmott','4259444638','jmildmott2k@aboutads.info','34 Lakewood Center','98102'),
	(194,'Natalya','Piper','2068717977','npiper2l@skyrock.com','62825 Coolidge Way','98155'),
	(195,'Malcolm','Raveau','2062738250','mraveau2m@tmall.com','26 Killdeer Alley','98121'),
	(196,'Theresita','Windress','4252645477','twindress2n@bloglovin.com','36 Fair Oaks Point','98105'),
	(197,'Nanice','Metheringham','4253892893','nmetheringham2o@surveymonkey.com','91 Homewood Junction','98124'),
	(198,'Celinda','Sandifer','4251889971','csandifer2p@omniture.com','1991 Mosinee Point','98168'),
	(199,'Issiah','Scobbie','2062732757','iscobbie2q@home.pl','6 Hansons Parkway','98117'),
	(200,'Freddie','Steggals','2067104413','fsteggals2r@wikispaces.com','2 Oneill Parkway','98007'),
	(201,'Ragnar','Eymor','4257217410','reymor2s@go.com','4459 Sommers Lane','98158'),
	(202,'Francesco','Cunniff','4253978787','fcunniff2t@google.com','8218 Oxford Junction','98111'),
	(203,'Iggy','Van Baaren','4258933725','ivanbaaren2u@ustream.tv','4 Graceland Point','98104'),
	(204,'Joell','Bakeup','4251200399','jbakeup2v@harvard.edu','64 Oneill Road','98102'),
	(205,'Adrianne','Dallimare','2065658663','adallimare2w@trellian.com','9793 Schlimgen Street','98174'),
	(206,'Ricky','Mebs','2066965791','rmebs2x@last.fm','631 Carey Junction','98104'),
	(207,'Billie','Alentyev','2069713681','balentyev2y@photobucket.com','3295 Little Fleur Court','98127'),
	(208,'Amabel','Rumke','2068587957','arumke2z@canalblog.com','1328 David Street','98175'),
	(209,'Nefen','Mapledorum','2061008733','nmapledorum30@jalbum.net','2 Bluestem Terrace','98101'),
	(210,'Claiborn','Cosbey','4253433723','ccosbey31@barnesandnoble.com','3 Eagle Crest Way','98118'),
	(211,'Orland','Steen','2069596188','osteen32@scientificamerican.com','75977 Manley Park','98199'),
	(212,'Stanislaus','Featherstonhaugh','2068210798','sfeatherstonhaugh33@fastcompany.com','8 Sheridan Place','98033'),
	(213,'Chilton','Filkov','2066119632','cfilkov34@netscape.com','7920 Butterfield Avenue','98118'),
	(214,'Quintana','Allwell','2068331351','qallwell35@cbsnews.com','9 Bluestem Crossing','98181'),
	(215,'Jon','Jansema','4251565553','jjansema36@blogtalkradio.com','7610 Kedzie Road','98195'),
	(216,'Chelsy','Washington','4256590359','cwashington37@army.mil','138 Starling Pass','98131'),
	(217,'Flory','Baud','2067744987','fbaud38@over-blog.com','335 Westridge Street','98144'),
	(218,'Alf','Ewbanche','4255076535','aewbanche39@w3.org','764 Kennedy Place','98102'),
	(219,'Dael','Eglese','2063916715','deglese3a@deviantart.com','59 Sommers Pass','98006'),
	(220,'Alleen','Muggach','4257459676','amuggach3b@arizona.edu','249 Corben Road','98107'),
	(221,'Allard','Kubach','2068155371','akubach3c@qq.com','6 Maple Place','98164'),
	(222,'Kessia','Dunne','2064178606','kdunne3d@usda.gov','2909 Division Center','98102'),
	(223,'Osborn','Trudgion','2068624195','otrudgion3e@histats.com','36445 Golf View Lane','98116'),
	(224,'Glory','Fayre','4259231573','gfayre3f@hc360.com','76 Killdeer Point','98129'),
	(225,'Gabriel','Undrill','4259472485','gundrill3g@epa.gov','47 Barnett Center','98116'),
	(226,'Donella','Willbond','2063930518','dwillbond3h@washingtonpost.com','4 Raven Street','98195'),
	(227,'Avrit','Cleobury','4257695322','acleobury3i@de.vu','21 Dapin Point','98191'),
	(228,'Cchaddie','Bolesma','2064431148','cbolesma3j@domainmarket.com','96979 Maywood Plaza','98198'),
	(229,'Cristine','Monro','4253673742','cmonro3k@hugedomains.com','8 Chive Crossing','98134'),
	(230,'Stefan','Calley','4258459088','scalley3l@samsung.com','77614 Norway Maple Alley','98007'),
	(231,'Hamilton','Palfery','4256235313','hpalfery3m@com.com','99952 Crownhardt Center','98113'),
	(232,'Corena','Shivell','4259705232','cshivell3n@is.gd','8840 Continental Junction','98125'),
	(233,'Cyrillus','Canton','4258542188','ccanton3o@cornell.edu','34 Stuart Terrace','98105'),
	(234,'Artemis','McGaugey','2063338333','amcgaugey3p@mtv.com','5 Arrowood Point','98185'),
	(235,'Cindy','Knightley','2061687177','cknightley3q@icq.com','1 Bluejay Center','98190'),
	(236,'Henderson','Riccetti','2064193969','hriccetti3r@huffingtonpost.com','26 East Center','98027'),
	(237,'Kerrill','Drynan','4258558627','kdrynan3s@vkontakte.ru','750 Talisman Court','98145'),
	(238,'Mady','Rhead','4257530448','mrhead3t@e-recht24.de','20787 Waubesa Drive','98133'),
	(239,'Suzette','Barczewski','4254610322','sbarczewski3u@skyrock.com','6547 Scofield Road','98170'),
	(240,'Maribeth','Fetters','4258330492','mfetters3v@nyu.edu','91591 Kim Way','98106'),
	(241,'Kristan','Breukelman','2067669865','kbreukelman3w@apache.org','13858 Reinke Terrace','98190'),
	(242,'Ophelie','Twinborne','2065925241','otwinborne3x@angelfire.com','8238 Hooker Trail','98121'),
	(243,'Arnold','Brisco','2067557894','abrisco3y@cmu.edu','27 Northland Street','98109'),
	(244,'Rita','Haselwood','2066896882','rhaselwood3z@wp.com','9 Arizona Plaza','98118'),
	(245,'Raina','Aers','4254597134','raers40@bbb.org','636 Green Point','98074'),
	(246,'Flss','O Concannon','2068151704','foconcannon41@yolasite.com','44 Ryan Alley','98008'),
	(247,'Shanda','Cerith','4259167847','scerith42@geocities.jp','16 Truax Parkway','98122'),
	(248,'Jenn','Widdowes','4258267634','jwiddowes43@bloglines.com','93 Fisk Road','98122'),
	(249,'Rahel','Long','2062213504','rlong44@nasa.gov','3 Anniversary Street','98178'),
	(250,'Bonnibelle','Gauntlett','4253657597','bgauntlett45@mapy.cz','54 Grim Trail','98181'),
	(251,'Athene','Wattingham','2061568083','awattingham46@stumbleupon.com','72 Cascade Way','98194'),
	(252,'Missie','McParlin','4256937115','mmcparlin47@nationalgeographic.com','6 Loomis Drive','98008'),
	(253,'Manon','Crayden','4255597532','mcrayden48@clickbank.net','689 Susan Junction','98007'),
	(254,'Robinetta','Grendon','2062787428','rgrendon49@indiatimes.com','67 Morrow Parkway','98108'),
	(255,'Shirline','Westmacott','4252180367','swestmacott4a@spiegel.de','52 Manufacturers Avenue','98113'),
	(256,'Mace','Alvarado','2064629686','malvarado4b@about.com','66922 Clove Trail','98119'),
	(257,'Jeane','Cotsford','4251947232','jcotsford4c@prnewswire.com','744 Buena Vista Way','98113'),
	(258,'Chrysler','Nortunen','2066627455','cnortunen4d@canalblog.com','4767 Tony Point','98136'),
	(259,'Susana','Lipgens','2062236794','slipgens4e@oracle.com','6 Norway Maple Avenue','98199'),
	(260,'Mahala','Filchagin','4259294707','mfilchagin4f@stumbleupon.com','6345 Dwight Alley','98164'),
	(261,'Selia','Purdey','2061621148','spurdey4g@newyorker.com','734 Village Drive','98129'),
	(262,'Marthena','Skillington','4256240521','mskillington4h@ocn.ne.jp','3843 Westridge Road','98111'),
	(263,'Charin','Ingilson','4251094977','cingilson4i@boston.com','76788 Holmberg Crossing','98126'),
	(264,'Levi','Sandle','2068023636','lsandle4j@slate.com','2 Marquette Court','98116'),
	(265,'Gayler','Saenz','4254608145','gsaenz4k@youtu.be','5 Sycamore Junction','98165'),
	(266,'Skipton','Colliard','2062868892','scolliard4l@omniture.com','2735 Kipling Circle','98199'),
	(267,'Aindrea','Gumey','4253771637','agumey4m@ucoz.com','6638 Haas Hill','98155'),
	(268,'Jude','Chessel','2062687146','jchessel4n@yahoo.co.jp','91 Roxbury Terrace','98174'),
	(269,'Mikaela','Maccaddie','2068602584','mmaccaddie4o@businessinsider.com','2271 Schmedeman Drive','98122'),
	(270,'Meggi','Prangley','4258465502','mprangley4p@wikispaces.com','22 Porter Road','98146'),
	(271,'Kikelia','Barnewelle','2063510104','kbarnewelle4q@sun.com','73580 Spenser Avenue','98138'),
	(272,'Basile','Tomankowski','4251465561','btomankowski4r@squidoo.com','3407 Buena Vista Parkway','98118'),
	(273,'Patrice','Sprowson','4251608825','psprowson4s@flickr.com','9684 Messerschmidt Hill','98165'),
	(274,'Si','Pollok','2068620117','spollok4t@zdnet.com','9479 Roxbury Lane','98141'),
	(275,'Normie','Feaveryear','2063398298','nfeaveryear4u@gnu.org','72582 Huxley Pass','98119'),
	(276,'Rosalinda','Moncreiff','2064254115','rmoncreiff4v@dion.ne.jp','87 Goodland Parkway','98190'),
	(277,'Essie','Pentelo','2061574021','epentelo4w@yahoo.co.jp','4 Banding Park','98190'),
	(278,'Lorry','Perello','2065798249','lperello4x@mozilla.com','93 Maryland Road','98154'),
	(279,'Mace','Wallace','2069820197','mwallace4y@yandex.ru','41639 Hollow Ridge Pass','98121'),
	(280,'Aviva','Renon','2069645604','arenon4z@patch.com','129 Browning Circle','98053'),
	(281,'Boycie','Greenrde','2068633245','bgreenrde50@tripod.com','5368 Barby Place','98101'),
	(282,'Ebenezer','Sconce','4252904985','esconce51@xinhuanet.com','9477 Lakewood Parkway','98158'),
	(283,'Avis','Muspratt','2062469855','amuspratt52@indiatimes.com','4 Grayhawk Center','98165'),
	(284,'Siegfried','Kiefer','4259681808','skiefer53@e-recht24.de','20 Fisk Court','98168'),
	(285,'Celene','James','2063812906','cjames54@squidoo.com','2975 Sloan Hill','98139'),
	(286,'Salomo','Kittredge','2063164516','skittredge55@nyu.edu','456 Bunting Avenue','98177'),
	(287,'Shaw','Duprey','4253971156','sduprey56@aboutads.info','783 Nobel Parkway','98134'),
	(288,'Theressa','Willavoys','2069542136','twillavoys57@twitter.com','62481 Mccormick Pass','98154'),
	(289,'Carlota','Santi','2063388582','csanti58@newyorker.com','8977 Hanover Terrace','98161'),
	(290,'Corri','Everex','4256665758','ceverex59@miitbeian.gov.cn','963 Katie Court','98154'),
	(291,'Janaya','Cooke','2068643238','jcooke5a@illinois.edu','13 Ridgeway Drive','98168'),
	(292,'Maggee','Carrett','4255708325','mcarrett5b@wufoo.com','852 Tennyson Court','98158'),
	(293,'Aila','Rolfo','4255745677','arolfo5c@skype.com','8 Fremont Drive','98007'),
	(294,'Neils','Codman','2069016637','ncodman5d@purevolume.com','6 Packers Trail','98138'),
	(295,'Wesley','MacCulloch','2065712102','wmacculloch5e@bloglines.com','6914 Mariners Cove Circle','98029'),
	(296,'Somerset','Sachno','4254880296','ssachno5f@kickstarter.com','74668 Huxley Circle','98111'),
	(297,'Yasmin','Oakenford','2063774787','yoakenford5g@unicef.org','3 Mitchell Way','98111'),
	(298,'Shelba','Crickmore','4252623595','scrickmore5h@comcast.net','8 Troy Junction','98127'),
	(299,'Torrin','Whittle','2061469900','twhittle5i@uiuc.edu','2236 Forster Center','98160'),
	(300,'Rob','Glavias','2064878170','rglavias5j@cbsnews.com','74 Dorton Drive','98136'),
	(301,'Miguelita','Gibberd','4255786669','mgibberd5k@ucsd.edu','47 Stone Corner Junction','98185'),
	(302,'Nealon','Griniov','4252138082','ngriniov5l@deliciousdays.com','79712 Twin Pines Alley','98052'),
	(303,'Forester','Breinl','2069272998','fbreinl5m@vkontakte.ru','24 Bay Drive','98155'),
	(304,'Emlynn','Clint','4252390846','eclint5n@xinhuanet.com','9596 Carioca Point','98117'),
	(305,'Meade','Rappoport','4256632945','mrappoport5o@blogs.com','8650 Troy Alley','98102'),
	(306,'Perkin','Bedham','2066496473','pbedham5p@e-recht24.de','79 Ohio Center','98074'),
	(307,'Stella','Wrankmore','4251262229','swrankmore5q@dailymotion.com','77 Cascade Trail','98104'),
	(308,'Rufus','Palek','2068673115','rpalek5r@ucoz.com','4234 Debra Drive','98141'),
	(309,'Shelby','Mein','4256543474','smein5s@ebay.com','73 Erie Junction','98148'),
	(310,'Jacques','Rodgerson','2062341319','jrodgerson5t@tinypic.com','13548 Eagle Crest Pass','98158'),
	(311,'Ulla','Moden','4258889827','umoden5u@google.cn','63 Gateway Court','98005'),
	(312,'Petrina','Merigot','2066423984','pmerigot5v@youtube.com','6146 Columbus Drive','98199'),
	(313,'Nelie','Saberton','4259257240','nsaberton5w@typepad.com','381 Dunning Lane','98119'),
	(314,'Petronia','Poutress','2069321508','ppoutress5x@example.com','66 Old Gate Avenue','98131'),
	(315,'Joshuah','Messenbird','4252676412','jmessenbird5y@jimdo.com','29 North Alley','98005'),
	(316,'Dru','Boddy','4253892542','dboddy5z@woothemes.com','917 Schlimgen Street','98005'),
	(317,'Warden','Chastang','4253807411','wchastang60@google.pl','2518 Victoria Hill','98188'),
	(318,'Fons','Clemenzo','2061929010','fclemenzo61@utexas.edu','15 Badeau Parkway','98188'),
	(319,'Werner','Buten','4257075030','wbuten62@deviantart.com','75 Manufacturers Place','98154'),
	(320,'Adel','Izak','2063222287','aizak63@devhub.com','40 Comanche Trail','98134'),
	(321,'Josephina','Harkus','2061507646','jharkus64@vimeo.com','90 Birchwood Drive','98124'),
	(322,'Peter','Lochead','4252737372','plochead65@howstuffworks.com','16857 Leroy Avenue','98075'),
	(323,'Roselia','Kilfether','4255016475','rkilfether66@deviantart.com','72197 Nobel Court','98111'),
	(324,'Helga','Dalby','4252893484','hdalby67@army.mil','44990 Dakota Lane','98115'),
	(325,'Ravi','De Eath','4252849384','rdeath68@fda.gov','581 Talmadge Center','98194'),
	(326,'Francene','Lindegard','2067394017','flindegard69@netscape.com','933 Garrison Court','98006'),
	(327,'Kiele','Pickerill','4253194610','kpickerill6a@upenn.edu','134 Alpine Pass','98125'),
	(328,'Wadsworth','Iwanowicz','2061085309','wiwanowicz6b@usatoday.com','43 Sycamore Parkway','98115'),
	(329,'Malva','Chancelier','2061905097','mchancelier6c@mit.edu','6656 Ridgeview Park','98101'),
	(330,'Bren','Jeanesson','4254357787','bjeanesson6d@kickstarter.com','8 Forster Terrace','98168'),
	(331,'Chicky','Doust','2061515448','cdoust6e@over-blog.com','52 Blackbird Center','98177'),
	(332,'Billie','Message','4255136300','bmessage6f@xing.com','22 Village Green Road','98106'),
	(333,'Tomlin','Paling','2061379382','tpaling6g@geocities.jp','48923 Roth Circle','98007'),
	(334,'Constantine','Dayley','2061061221','cdayley6h@netvibes.com','4732 Manitowish Pass','98102'),
	(335,'Gustavus','Ladon','4257685133','gladon6i@psu.edu','2841 Darwin Way','98104'),
	(336,'Vidovic','Flemming','2065827431','vflemming6j@stumbleupon.com','67 Schlimgen Alley','98118'),
	(337,'Valli','Waliszek','4251697874','vwaliszek6k@twitpic.com','4 Forest Run Trail','98116'),
	(338,'Lazare','Selbach','2065274115','lselbach6l@tamu.edu','23093 Glendale Avenue','98154'),
	(339,'Cissiee','Tallquist','4259354995','ctallquist6m@blog.com','43333 Starling Alley','98194'),
	(340,'Alphonse','Morrilly','4257923817','amorrilly6n@soundcloud.com','9 Barnett Hill','98116'),
	(341,'Nell','Slyvester','4258743195','nslyvester6o@reddit.com','5 Amoth Center','98107'),
	(342,'Rolfe','Simanek','2066392717','rsimanek6p@bigcartel.com','42410 Debra Terrace','98101'),
	(343,'Griswold','Salasar','4251072297','gsalasar6q@rambler.ru','31 Helena Parkway','98124'),
	(344,'Modesty','Tewkesberrie','2065078446','mtewkesberrie6r@arstechnica.com','9747 Stuart Junction','98074'),
	(345,'Raul','Pomfrey','2068961664','rpomfrey6s@redcross.org','588 Little Fleur Circle','98185'),
	(346,'Aurlie','Dewan','2062590288','adewan6t@trellian.com','5260 Service Park','98121'),
	(347,'Lynnett','Probet','2061326366','lprobet6u@aol.com','4 Logan Crossing','98155'),
	(348,'Gavrielle','Moir','2063131867','gmoir6v@addtoany.com','903 Monica Park','98127'),
	(349,'Jarrod','Eck','4251565301','jeck6w@desdev.cn','51606 Morningstar Way','98112'),
	(350,'Max','Meriott','4251382119','mmeriott6x@census.gov','9805 Wayridge Way','98139'),
	(351,'Dacie','Taillard','4254316817','dtaillard6y@techcrunch.com','532 Sunbrook Point','98027'),
	(352,'Quintin','Preshous','2062054030','qpreshous6z@newyorker.com','11037 Daystar Plaza','98106'),
	(353,'Arlana','Sandlin','4256474060','asandlin70@soundcloud.com','80 Anderson Point','98053'),
	(354,'Orelie','Milesap','2062494407','omilesap71@printfriendly.com','224 Dawn Court','98027'),
	(355,'Loren','Macklam','2063891227','lmacklam72@microsoft.com','778 Basil Center','98121'),
	(356,'Donalt','Hunnicutt','2062206111','dhunnicutt73@example.com','69 Sauthoff Plaza','98117'),
	(357,'Gabriele','Nalder','4251076362','gnalder74@i2i.jp','13 1st Terrace','98195'),
	(358,'Lynn','O Dogherty','4258712615','lodogherty75@columbia.edu','886 Killdeer Junction','98115'),
	(359,'Hart','Tomich','2065476586','htomich76@imgur.com','92325 David Way','98111'),
	(360,'Joellen','Connerly','4252897447','jconnerly77@sun.com','2 Randy Center','98103'),
	(361,'Dorey','Rassmann','2062808373','drassmann78@instagram.com','48 Northwestern Parkway','98188'),
	(362,'Dalli','Duesbury','2066578891','dduesbury79@opensource.org','727 Melody Pass','98188'),
	(363,'Bibbie','Piwell','4252365177','bpiwell7a@tinypic.com','99 Duke Lane','98115'),
	(364,'Ronda','Smieton','2067348645','rsmieton7b@rakuten.co.jp','4 Pawling Point','98101'),
	(365,'Stephanie','Beran','4257658343','sberan7c@china.com.cn','2 Mesta Road','98008'),
	(366,'Orton','Stanier','2065145062','ostanier7d@economist.com','4 Lerdahl Drive','98113'),
	(367,'Freeman','Heinert','2061429778','fheinert7e@github.io','4 Bowman Center','98111'),
	(368,'Marinna','Stitfall','2064887255','mstitfall7f@google.com.br','98 Anniversary Terrace','98108'),
	(369,'Timofei','Pahl','2066448890','tpahl7g@1und1.de','954 Randy Court','98190'),
	(370,'Chick','Vanner','4254699821','cvanner7h@xing.com','88 Reinke Drive','98053'),
	(371,'Audra','Nutter','4254878737','anutter7i@loc.gov','361 Anthes Way','98007'),
	(372,'Melesa','O Driscoll','4251784799','modriscoll7j@yolasite.com','94 Crowley Avenue','98122'),
	(373,'Mirelle','Scorthorne','4257661728','mscorthorne7k@apple.com','407 Ronald Regan Court','98160'),
	(374,'Rochester','Ferrier','2068303684','rferrier7l@globo.com','419 Graedel Pass','98111'),
	(375,'Josselyn','Tett','2066854287','jtett7m@rakuten.co.jp','31947 Caliangt Crossing','98166'),
	(376,'Lodovico','Hynes','4255616758','lhynes7n@forbes.com','310 Cascade Court','98107'),
	(377,'Eudora','Peto','2062719841','epeto7o@shareasale.com','82632 Texas Hill','98131'),
	(378,'Pollyanna','Sleit','2061399580','psleit7p@cpanel.net','96449 Steensland Hill','98175'),
	(379,'Ezri','Bardsley','4255953950','ebardsley7q@berkeley.edu','83 Mallard Hill','98148'),
	(380,'Roberta','Pimbley','2063736159','rpimbley7r@imgur.com','2398 Cordelia Way','98195'),
	(381,'Erik','Minall','4252516752','eminall7s@squarespace.com','8 West Pass','98107'),
	(382,'Fredra','Tulip','4253097115','ftulip7t@theguardian.com','26028 Blackbird Hill','98075'),
	(383,'Abe','Thick','4257008985','athick7u@google.cn','5 Maple Wood Way','98118'),
	(384,'Court','Calwell','2068060905','ccalwell7v@cargocollective.com','737 Hooker Place','98126'),
	(385,'Weber','Gascoigne','4254847062','wgascoigne7w@weebly.com','4 Iowa Parkway','98107'),
	(386,'Jackie','Shelbourne','4255087026','jshelbourne7x@marriott.com','338 Redwing Terrace','98118'),
	(387,'Remington','Onions','4251562933','ronions7y@goo.gl','1679 Anthes Parkway','98007'),
	(388,'Justine','McClaren','2063913638','jmcclaren7z@time.com','32 South Lane','98138'),
	(389,'Kennedy','Gourlie','4259450069','kgourlie80@techcrunch.com','672 Sage Plaza','98194'),
	(390,'Katinka','Delmonti','2064165011','kdelmonti81@clickbank.net','2541 Jenna Point','98114'),
	(391,'Pansie','Juden','2067669697','pjuden82@de.vu','8286 Warbler Circle','98033'),
	(392,'Worden','McGing','4253295096','wmcging83@jimdo.com','86 Toban Way','98185'),
	(393,'Osbourne','Murray','4256303004','omurray84@phoca.cz','4 Calypso Way','98102'),
	(394,'Darcie','Lidstone','4251374309','dlidstone85@upenn.edu','9 Mesta Avenue','98168'),
	(395,'Dex','Cattell','2069214219','dcattell86@ask.com','60788 Kingsford Lane','98198'),
	(396,'Berkie','Vines','4258862303','bvines87@yahoo.co.jp','2521 Lukken Lane','98174'),
	(397,'Lurlene','Scatchar','2065573072','lscatchar88@360.cn','11935 Anhalt Trail','98131'),
	(398,'Jessey','Tullett','2069616735','jtullett89@unblog.fr','7 Springs Crossing','98188'),
	(399,'Giacopo','Pynner','4256053298','gpynner8a@arstechnica.com','5081 Hanson Place','98104'),
	(400,'Gideon','Mahmood','4258561487','gmahmood8b@senate.gov','77 La Follette Crossing','98166')
;

INSERT Supplier
	(SupplierId, SupplierName, SupplierPhone, SuppierContact, SupplierAddress, ZipCode)
VALUES
	(100,'Spinka, Corwin and Metz Fresh Produce','4258662316','Donica Fassmann','42325 Boyd Way','98131'),
	(101,'Schumm, Pagac and Klocko Baking Supply','4253051236','Delinda Finlay','979 Lyons Place','98112'),
	(102,'Gerlach and Sons Baking Supply','4257199561','Petey Antonognoli','10 American Ash Lane','98155'),
	(103,'Reilly-Swift Baking Supply','2061055884','Germain Antal','50 Prentice Hill','98145'),
	(104,'Harber-Renner Cake Decorating Supply','2062992517','Licha Jedrzejkiewicz','4499 Blue Bill Park Hill','98053'),
	(105,'Balistreri-Ratke Fresh Produce','2061650913','Graehme Elsmor','9603 Eastwood Place','98108'),
	(106,'Bode LLC Fresh Produce','4253695836','Joaquin Reeken','36280 Lake View Hill','98177'),
	(107,'Weissnat , Braun and Breitenberg Cake Decorating Supply','2067378772','Selby MacConnal','7 David Drive','98104'),
	(108,'Schimmel-Lesch Cake Decorating Supply','2067180537','Hali Piaggia','3 Evergreen Drive','98005'),
	(109,'Hansen Group Baking Supply','4256524807','Gerick Hariot','430 Harper Court','98104'),
	(110,'O\'Hara LLC Baking Supply','2063780142','Ronny Ludgate','6407 Corry Hill','98052'),
	(111,'Reichel, Casper and Kuhlman Fresh Produce','2064117707','Carlin Clemente','81 Cody Parkway','98136'),
	(112,'Sawayn LLC Cake Decorating Supply','2063814151','Gaspard Jacklin','2 Marquette Plaza','98129'),
	(113,'Schumm-O\'Kon Baking Supply','2069071281','Ambrosi Furst','499 Killdeer Street','98103'),
	(114,'Glover-Aufderhar Baking Supply','4256711562','Alfred Embury','2858 Ridgeway Center','98006'),
	(115,'Corwin-Bernhard Baking Supply','2065948561','Ertha Piele','85 Fulton Road','98114'),
	(116,'Zemlak-Prosacco Fresh Produce','4259676689','Anette Taree','165 Granby Point','98174'),
	(117,'Friesen, Hartmann and Rice Fresh Produce','4251966147','Emelen Selwin','602 Mcbride Lane','98106'),
	(118,'Stamm Group Baking Supply','2065611340','Kasper Flaws','60843 Scofield Place','98134'),
	(119,'Mayert, Feil and Littel Baking Supply','4251766050','Roth Hallgalley','9095 Sutteridge Lane','98133'),
	(120,'O\'Keefe, Schultz and Smitham Baking Supply','2062430420','Janice Collison','120 Northland Plaza','98129'),
	(121,'Schamberger-Quigley Cake Decorating Supply','4259419181','Gav Danson','18 Springview Park','98166'),
	(122,'Buckridge, Littel and Schuppe Baking Supply','4259009491','Eward O\'Heneghan','9460 Mitchell Parkway','98138'),
	(123,'Kihn, Murazik and Lowe Fresh Produce','2062544488','Donelle Ligertwood','7922 Eastwood Plaza','98110'),
	(124,'Lynch, Bogisich and Sipes Cake Decorating Supply','4252831858','Pinchas Podd','135 Helena Circle','98124'),
	(125,'Paucek Inc Fresh Produce','2066706956','Hatti Headan','693 Aberg Court','98158'),
	(126,'Swift-Klein Fresh Produce','4259549422','Hayden Rillatt','3008 Mccormick Road','98116'),
	(127,'Jakubowski LLC Baking Supply','2062083923','Ettie Beddie','53546 Farmco Road','98194'),
	(128,'Farrell-Maggio Baking Supply','2066665630','Elenore Janowicz','38281 4th Street','98106'),
	(129,'Borer-Cummings Baking Supply','2068317946','Ashton Durrand','657 Bellgrove Drive','98075'),
	(130,'Schimmel, Ondricka and Kub Baking Supply','4256154890','Elli Rubenovic','1 Barby Hill','98185'),
	(131,'Lang, Olson and Goodwin Fresh Produce','4258517819','Elfie Sellors','4 Sauthoff Circle','98199'),
	(132,'Parker LLC Baking Supply','4251768134','Rubia Hammill','96234 Del Mar Court','98188'),
	(133,'Raynor, Littel and Koch Cake Decorating Supply','4258633432','Nickolas Crohan','65057 Dottie Court','98164'),
	(134,'Berge-Nitzsche Fresh Produce','2062990188','Adelaida Rushby','242 Hansons Way','98053'),
	(135,'Bayer, Botsford and Hirthe Cake Decorating Supply','2067088105','Edwin Garthland','68248 Anniversary Park','98175'),
	(136,'Halvorson, Greenfelder and Cassin Baking Supply','2067915907','Arthur Ceeley','11 Independence Plaza','98146'),
	(137,'Lueilwitz-Ebert Fresh Produce','4255569608','Theresa Inglesant','7 Alpine Lane','98006'),
	(138,'McGlynn LLC Cake Decorating Supply','2064642226','Karlie Ivy','5 Cody Trail','98105'),
	(139,'Spencer, Boyle and Klein Cake Decorating Supply','2061946284','Anders Sigsworth','2118 Shoshone Trail','98006'),
	(140,'Ankunding-Mraz Baking Supply','4259971454','Otis Grzelczyk','1790 Mandrake Drive','98166'),
	(141,'Abernathy, Murray and Jast Fresh Produce','4252397459','Chandal Howarth','3 Lerdahl Circle','98006'),
	(142,'Walter, Kunze and Schultz Cake Decorating Supply','2064144842','Kimberly Rixon','43 Rusk Center','98138'),
	(143,'Doyle, Lesch and Yost Cake Decorating Supply','2065806050','Caldwell Pattemore','30901 Northwestern Parkway','98148'),
	(144,'Cole Group Fresh Produce','4258836149','Christine Beadon','52 Bayside Trail','98198'),
	(145,'Heathcote, Rempel and Erdman Cake Decorating Supply','2065503243','Deane Littlefair','84633 Welch Drive','98194'),
	(146,'Dickens Group Fresh Produce','4256035333','Adelice Writtle','5090 Canary Parkway','98177'),
	(147,'Ebert, Schmitt and Wunsch Baking Supply','4255547531','Zorana Pullan','8769 Oak Junction','98191'),
	(148,'Crona and Sons Baking Supply','4259456839','Raimund Girkin','8486 Toban Alley','98029'),
	(149,'Batz-Rice Cake Decorating Supply','2062489369','Abbey Carles','89666 Hintze Court','98177'),
	(150,'Bailey-Price Cake Decorating Supply','4258602409','Egbert Fetherstan','1 Commercial Pass','98119'),
	(151,'Runolfsson, Gerlach and Gutkowski Fresh Produce','2064995192','Goober Simonsson','38 Cottonwood Park','98198'),
	(152,'Schaefer Group Cake Decorating Supply','2062579580','Ernestus Chaman','219 Ramsey Pass','98027'),
	(153,'Cassin Group Baking Supply','2066603105','Fawne De Hailes','77461 Corry Place','98109'),
	(154,'Boyle and Sons Fresh Produce','2066289517','Zechariah Cringle','1 Village Green Road','98134'),
	(155,'Dickens, Bashirian and Gutmann Baking Supply','4255697716','Claudelle Tenniswood','4567 Kenwood Court','98195'),
	(156,'Jaskolski Inc Fresh Produce','4257701708','Rouvin Fairtlough','95353 Bowman Avenue','98105'),
	(157,'Herzog, Kerluke and Beer Cake Decorating Supply','2069822364','Gayleen Baal','6088 Waxwing Court','98198'),
	(158,'Nikolaus, Ledner and Lang Cake Decorating Supply','2069799080','Marnia Gudger','8 Sycamore Trail','98139'),
	(159,'Beatty, Reynolds and Green Fresh Produce','4252844704','Pam Sholem','3525 Bultman Point','98074'),
	(160,'Paucek LLC Fresh Produce','4259247642','Efrem Maylam','5 Utah Terrace','98029'),
	(161,'Grady-Volkman Baking Supply','2065484926','Teresina Barrat','68 Nelson Junction','98111'),
	(162,'Gislason Group Fresh Produce','4256113447','Bobbette Bea','42 Coolidge Pass','98181'),
	(163,'Hegmann and Sons Baking Supply','4257973611','Teodor Barniss','7038 Magdeline Place','98170'),
	(164,'Gleichner, Considine and Dietrich Baking Supply','2069466125','Gabey Cisar','73 Glendale Park','98127'),
	(165,'McClure Group Baking Supply','2061631037','Nikolas Ziebart','259 Birchwood Road','98101'),
	(166,'Hodkiewicz-Kuphal Baking Supply','4255552426','Westleigh Wortman','239 Montana Pass','98154'),
	(167,'Little Group Fresh Produce','2062956752','Priscilla Twells','653 Magdeline Plaza','98195'),
	(168,'Leffler Group Fresh Produce','2063629665','Suzi Sugarman','29428 Hoffman Avenue','98195'),
	(169,'Kihn-DuBuque Baking Supply','2062833162','Pippa Godier','46 Kenwood Junction','98109'),
	(170,'Anderson Group Cake Decorating Supply','4253592989','Shurlock Fosten','70 Meadow Vale Street','98139'),
	(171,'Boehm, Corwin and Dicki Baking Supply','2063445968','Berri Minghetti','47 New Castle Circle','98101'),
	(172,'Osinski-Eichmann Fresh Produce','2065332509','Van Charman','9028 Doe Crossing Way','98145'),
	(173,'Gleichner LLC Baking Supply','2065292774','Noelyn Atthow','19827 Alpine Circle','98190'),
	(174,'Wiegand-Lubowitz Fresh Produce','2068766383','Alecia Wraggs','2450 Fieldstone Junction','98181'),
	(175,'Zulauf and Sons Baking Supply','2062470990','Melisandra Vinick','3 Talisman Road','98145'),
	(176,'Fritsch-Hegmann Baking Supply','2061375701','Hamnet Mitchelhill','30424 Waxwing Place','98116'),
	(177,'Stehr-Upton Fresh Produce','4259960268','Martita Mertel','20 Pleasure Crossing','98109'),
	(178,'VonRueden Inc Baking Supply','2063210894','Carson Spikins','183 Muir Parkway','98104'),
	(179,'Hessel and Sons Baking Supply','2064733711','Redford Gowar','5 Crowley Alley','98112'),
	(180,'Schroeder Inc Fresh Produce','2063212569','Eddie Tomasian','13 Columbus Parkway','98160'),
	(181,'Roob Inc Cake Decorating Supply','4257274502','York Sweatman','904 Laurel Circle','98005'),
	(182,'Lueilwitz Group Fresh Produce','4252902084','Riane Gwatkins','861 Monica Point','98161'),
	(183,'Boyle and Sons Cake Decorating Supply','2062829126','Marley Mowsdill','941 Calypso Court','98125'),
	(184,'Purdy, Stoltenberg and Gulgowski Cake Decorating Supply','4258746826','Justino Summons','273 Towne Way','98166'),
	(185,'Becker-Schmidt Baking Supply','2067804813','Ardeen Stukings','656 Hoard Crossing','98105'),
	(186,'Romaguera-Bartoletti Cake Decorating Supply','4254575818','Karolina Denisyuk','91162 Mccormick Pass','98121'),
	(187,'Herzog, Beahan and Keeling Fresh Produce','2068653463','Gasper Trazzi','502 Alpine Parkway','98005'),
	(188,'Metz-Hartmann Baking Supply','2062198324','Leodora Hughs','72189 Red Cloud Way','98178'),
	(189,'Champlin-Gutkowski Cake Decorating Supply','2068426280','Wendell Burnet','597 Glendale Crossing','98124'),
	(190,'Rodriguez Inc Fresh Produce','4256070844','Sabra Norvell','91586 Northview Alley','98102'),
	(191,'Dach-Labadie Cake Decorating Supply','4254777126','Sid Begwell','20607 Towne Parkway','98112'),
	(192,'Ledner-DuBuque Fresh Produce','2062959944','Howie Gummie','29092 Warner Plaza','98134'),
	(193,'Heaney-Conroy Baking Supply','4251876483','Cathryn De Clairmont','62362 Dottie Terrace','98136'),
	(194,'Auer LLC Fresh Produce','2069271280','Ashely Elbourn','68584 Sugar Lane','98194'),
	(195,'Windler, Turner and Mayer Cake Decorating Supply','2062202432','Hercules Tarply','12 Del Sol Point','98168'),
	(196,'Aufderhar, Sipes and Ankunding Cake Decorating Supply','4251114309','Gusta Francis','8 Carioca Hill','98122'),
	(197,'Altenwerth-Herman Cake Decorating Supply','2068350546','Debbie Umfrey','6 Monica Lane','98170'),
	(198,'Wyman-Watsica Fresh Produce','4257516756','Lucia Hindes','8 Quincy Trail','98168'),
	(199,'Durgan LLC Baking Supply','2066953922','Ives Chasen','7602 Manufacturers Lane','98133')
;

INSERT Ingredient
	(IngredientId, IngredientName, IngredientIsAllergen, SupplierId)
VALUES
	(1, 'Butter', 'No', 106),
	(2, 'White Sugar', 'No', 161),
	(3, 'Baking Powder', 'No', 161),
	(4, 'Eggs', 'Yes', 192),
	(5, 'Cake Flour', 'Yes', 199),
	(6, 'Salt', 'No', 161),
	(7, 'Cocoa Powder', 'No', 179),
	(8, 'Buttermilk', 'Yes', 180),
	(9, 'Bittersweet Chocolate', 'No', 193),
	(10, 'Brown Sugar', 'No', 161),
	(11, 'Baking Soda', 'No', 161),
    (12, 'Whole Milk', 'Yes', 180),
    (13, 'Ginger', 'No', 179),
    (14, 'Cinnamon', 'No', 179),
    (15, 'Nutmeg', 'No', 179),
    (16, 'Allspice', 'No', 179),
    (17, 'Cloves', 'No', 179)
;

INSERT Product
	(ProductId, ProductName, ProductLevelType, ProductLevelCount, ProductServings, ProductPrice)
VALUES
	(1, 'Basic Wedding Cake', 'Tiered', 3, 150, 450.00),
    (2, 'Large Wedding Cake', 'Tiered', 4, 250, 750.00),
    (3, 'Small Birthday Cake', 'Stacked', 2, 20, 75.00),
    (4, 'Medium Birthday Cake', 'Stacked', 3, 30, 95.00),
    (5, 'Sheet Cake', 'None', 1, 25, 60.00),
    (6, 'Sheet Spice Cake', 'None', 1, 25, 65.00),
    (7, 'Sheet Chocolate Cake', 'None', 1, 25, 65.00),
    (8, 'Flourless Chocolate Cake', 'None', 1, 25, 79.00),
    (9, 'Half Sheet Cake', 'None', 1, 12, 45.00),
    (10, 'Half Sheet Cake, Chocolate', 'None', 1, 12, 45.00),
    (11, 'Half Sheet Spice Cake', 'None', 1, 12, 55.00),
    (12, 'Cupcakes, Dozen', 'None', 1, 12, 40.00),
    (13, 'Spice Cupcakes, Dozen', 'None', 1, 12, 45.00),
    (14, 'Chocolate Cupcakes, Dozen', 'None', 1, 12, 45.00),
    (15, 'Confetti Cupcakes, Dozen', 'None', 1, 12, 45.00)
;

INSERT ProductIngredient
	(IngredientId, ProductId)
VALUES
	-- Traditional cakes
	(1, 1), (2, 1), (4, 1), (5, 1), (3, 1), (6, 1), (12, 1),
	(1, 2), (2, 2), (4, 2), (5, 2), (3, 2), (6, 2), (12, 2),
	(1, 3), (2, 3), (4, 3), (5, 3), (3, 3), (6, 3), (12, 3),
	(1, 4), (2, 4), (4, 4), (5, 4), (3, 4), (6, 4), (12, 4),
	(1, 5), (2, 5), (4, 5), (5, 5), (3, 5), (6, 5), (12, 5),
	(1, 9), (2, 9), (4, 9), (5, 9), (3, 9), (6, 9), (12, 9),
	(1, 12), (2, 12), (4, 12), (5, 12), (3, 12), (6, 12), (12, 12),
	(1, 15), (2, 15), (4, 15), (5, 15), (3, 15), (6, 15), (12, 15),
    -- Chocolate cakes
    (7, 7), (5, 7), (2, 7), (3, 7), (6, 7), (4, 7), (1, 7), (8, 7),
    (7, 10), (5, 10), (2, 10), (3, 10), (6, 10), (4, 10), (1, 10), (8, 10),
    (7, 14), (5, 14), (2, 14), (3, 14), (6, 14), (4, 14), (1, 14), (8, 14),
    -- Flourless chocolate
    (6, 8), (2, 8), (9, 8), (1, 8), (4, 8), 
    -- Spice cakes
    (5, 6), (3, 6), (6, 6), (13, 6), (14, 6), (15, 6), (16, 6), (17, 6), (12, 6), (4, 6), (1, 6), (10, 6),
    (5, 11), (3, 11), (6, 11), (13, 11), (14, 11), (15, 11), (16, 11), (17, 11), (12, 11), (4, 11), (1, 11), (10, 11),
    (5, 13), (3, 13), (6, 13), (13, 13), (14, 13), (15, 13), (16, 13), (17, 13), (12, 13), (4, 13), (1, 13), (10, 13)
;

INSERT Shape
	(ShapeId, ShapeName)
VALUES
	(1, 'None'),
	(2, 'Round'),
    (3, 'Square'),
    (4, 'Rectangular'),
    (5, 'Teardrop'),
    (6, 'Heart'),
    (7, 'Star'),
    (8, 'Special')
;

INSERT Flavor
	(FlavorId, FlavorName)
VALUES
	(1, 'None'),
    (2, 'Vanilla'),
    (3, 'Almond'),
    (4, 'Lemon'),
    (5, 'Cherry'),
    (6, 'Strawberry'),
    (7, 'Passion Fruit'),
    (8, 'Mango'),
    (9, 'Coconut'),
    (10, 'Peanut Butter')
;

/* Order stuff

* in the fall, spice cakes are more popular
* one customer buys two dozen cupcakes, in two flavors, at the beginning of nearly every month
* some customers buy wedding cakes, sometimes groom's cakes, too
* birthday cakes (sheet) are popular
* birhtday cakes (stacked) are also popular
* we have some really good repeat customers
* some customers have signed up, but haven't bought anything
*/

INSERT CakeOrder
VALUES
	(1001, 160, '2018-03-08', '2018-03-20', 'Completed', 'Pickup'),
	(1002, 115, '2018-03-12', '2018-03-26', 'Completed', 'Delivery'),
	(1003, 144, '2018-03-12', '2018-03-24', 'Completed', 'Pickup'),
	(1004, 333, '2018-03-12', '2018-03-23', 'Completed', 'Pickup'),
	(1005, 395, '2018-03-12', '2018-03-26', 'Completed', 'Pickup'),
	(1006, 148, '2018-03-13', '2018-03-15', 'Completed', 'Delivery'),
	(1007, 316, '2018-03-13', '2018-03-23', 'Completed', 'Pickup'),
	(1008, 254, '2018-03-13', '2018-03-23', 'Completed', 'Pickup'),
	(1009, 142, '2018-03-13', '2018-03-16', 'Completed', 'Pickup'),
	(1010, 233, '2018-03-13', '2018-03-19', 'Completed', 'Pickup'),
	(1011, 291, '2018-03-14', '2018-03-30', 'Completed', 'Pickup'),
	(1012, 280, '2018-03-16', '2018-03-22', 'Completed', 'Pickup'),
	(1013, 213, '2018-03-17', '2018-03-24', 'Completed', 'Pickup'),
	(1014, 352, '2018-03-17', '2018-03-31', 'Completed', 'Pickup'),
	(1015, 266, '2018-03-17', '2018-04-01', 'Completed', 'Pickup'),
	(1016, 349, '2018-03-17', '2018-03-20', 'Completed', 'Pickup'),
	(1017, 265, '2018-03-17', '2018-03-23', 'Completed', 'Delivery'),
	(1018, 232, '2018-03-18', '2018-03-29', 'Completed', 'Pickup'),
	(1019, 124, '2018-03-18', '2018-04-03', 'Completed', 'Pickup'),
	(1020, 319, '2018-03-19', '2018-04-07', 'Completed', 'Pickup'),
	(1021, 370, '2018-03-19', '2018-04-05', 'Completed', 'Pickup'),
	(1022, 301, '2018-03-19', '2018-04-06', 'Completed', 'Delivery'),
	(1023, 271, '2018-03-19', '2018-03-26', 'Completed', 'Pickup'),
	(1024, 170, '2018-03-19', '2018-03-21', 'Completed', 'Pickup'),
	(1025, 138, '2018-03-21', '2018-03-30', 'Completed', 'Pickup'),
	(1026, 392, '2018-03-21', '2018-04-11', 'Completed', 'Delivery'),
	(1027, 261, '2018-03-21', '2018-03-27', 'Completed', 'Pickup'),
	(1028, 225, '2018-03-21', '2018-04-03', 'Completed', 'Delivery'),
	(1029, 110, '2018-03-22', '2018-03-28', 'Completed', 'Pickup'),
	(1030, 302, '2018-03-22', '2018-04-07', 'Completed', 'Pickup'),
	(1031, 251, '2018-03-22', '2018-04-02', 'Completed', 'Pickup'),
	(1032, 252, '2018-03-22', '2018-03-26', 'Completed', 'Pickup'),
	(1033, 200, '2018-03-23', '2018-03-29', 'Completed', 'Delivery'),
	(1034, 380, '2018-03-23', '2018-04-10', 'Completed', 'Pickup'),
	(1035, 283, '2018-03-23', '2018-03-26', 'Completed', 'Pickup'),
	(1036, 169, '2018-03-24', '2018-03-31', 'Completed', 'Pickup'),
	(1037, 344, '2018-03-24', '2018-04-07', 'Completed', 'Pickup'),
	(1038, 303, '2018-03-24', '2018-04-10', 'Completed', 'Pickup'),
	(1039, 130, '2018-03-25', '2018-04-09', 'Completed', 'Delivery'),
	(1040, 397, '2018-03-25', '2018-03-29', 'Completed', 'Pickup'),
	(1041, 323, '2018-03-25', '2018-03-31', 'Completed', 'Pickup'),
	(1042, 204, '2018-03-25', '2018-04-04', 'Completed', 'Pickup'),
	(1043, 161, '2018-03-25', '2018-04-06', 'Completed', 'Delivery'),
	(1044, 271, '2018-03-26', '2018-04-07', 'Completed', 'Pickup'),
	(1045, 266, '2018-03-26', '2018-03-28', 'Completed', 'Pickup'),
	(1046, 201, '2018-03-26', '2018-04-02', 'Completed', 'Pickup'),
	(1047, 169, '2018-03-26', '2018-04-07', 'Completed', 'Pickup'),
	(1048, 175, '2018-03-27', '2018-04-08', 'Completed', 'Pickup'),
	(1049, 244, '2018-03-27', '2018-04-01', 'Completed', 'Pickup'),
	(1050, 390, '2018-03-27', '2018-03-30', 'Completed', 'Delivery'),
	(1051, 324, '2018-03-27', '2018-04-13', 'Completed', 'Delivery'),
	(1052, 168, '2018-03-28', '2018-03-30', 'Completed', 'Delivery'),
	(1053, 170, '2018-03-28', '2018-03-31', 'Completed', 'Pickup'),
	(1054, 366, '2018-03-29', '2018-04-19', 'Completed', 'Pickup'),
	(1055, 165, '2018-03-29', '2018-04-09', 'Completed', 'Pickup'),
	(1056, 162, '2018-03-29', '2018-04-18', 'Completed', 'Pickup'),
	(1057, 219, '2018-03-29', '2018-04-12', 'Completed', 'Delivery'),
	(1058, 354, '2018-03-29', '2018-04-10', 'Completed', 'Pickup'),
	(1059, 219, '2018-03-30', '2018-04-09', 'Completed', 'Pickup'),
	(1060, 181, '2018-03-30', '2018-04-10', 'Completed', 'Pickup'),
	(1061, 192, '2018-03-30', '2018-04-20', 'Completed', 'Pickup'),
	(1062, 245, '2018-03-30', '2018-04-04', 'Completed', 'Pickup'),
	(1063, 345, '2018-03-31', '2018-04-06', 'Completed', 'Pickup'),
	(1064, 275, '2018-03-31', '2018-04-10', 'Completed', 'Pickup'),
	(1065, 173, '2018-03-31', '2018-04-03', 'Completed', 'Pickup'),
	(1066, 102, '2018-03-31', '2018-04-18', 'Completed', 'Pickup'),
	(1067, 285, '2018-03-31', '2018-04-03', 'Completed', 'Pickup'),
	(1068, 350, '2018-04-01', '2018-04-08', 'Completed', 'Pickup'),
	(1069, 247, '2018-04-01', '2018-04-05', 'Completed', 'Delivery'),
	(1070, 112, '2018-04-03', '2018-04-07', 'Completed', 'Delivery'),
	(1071, 173, '2018-04-03', '2018-04-11', 'Completed', 'Pickup'),
	(1072, 396, '2018-04-03', '2018-04-05', 'Completed', 'Pickup'),
	(1073, 202, '2018-04-03', '2018-04-10', 'Completed', 'Pickup'),
	(1074, 389, '2018-04-04', '2018-04-24', 'Completed', 'Pickup'),
	(1075, 246, '2018-04-04', '2018-04-09', 'Completed', 'Pickup'),
	(1076, 364, '2018-04-05', '2018-04-19', 'Completed', 'Pickup'),
	(1077, 150, '2018-04-05', '2018-04-09', 'Completed', 'Pickup'),
	(1078, 386, '2018-04-05', '2018-04-09', 'Completed', 'Pickup'),
	(1079, 243, '2018-04-05', '2018-04-07', 'Completed', 'Delivery'),
	(1080, 150, '2018-04-06', '2018-04-09', 'Completed', 'Delivery'),
	(1081, 370, '2018-04-06', '2018-04-24', 'Completed', 'Pickup'),
	(1082, 332, '2018-04-06', '2018-04-17', 'Completed', 'Pickup'),
	(1083, 137, '2018-04-06', '2018-04-15', 'Completed', 'Pickup'),
	(1084, 373, '2018-04-06', '2018-04-10', 'Completed', 'Delivery'),
	(1085, 354, '2018-04-07', '2018-04-20', 'Completed', 'Pickup'),
	(1086, 366, '2018-04-08', '2018-04-16', 'Completed', 'Pickup'),
	(1087, 176, '2018-04-08', '2018-04-29', 'Completed', 'Pickup'),
	(1088, 147, '2018-04-08', '2018-04-23', 'Completed', 'Delivery'),
	(1089, 363, '2018-04-08', '2018-04-21', 'Completed', 'Pickup'),
	(1090, 348, '2018-04-09', '2018-04-27', 'Completed', 'Pickup'),
	(1091, 232, '2018-04-09', '2018-04-21', 'Completed', 'Delivery'),
	(1092, 218, '2018-04-09', '2018-04-24', 'Completed', 'Delivery'),
	(1093, 386, '2018-04-11', '2018-04-30', 'Completed', 'Pickup'),
	(1094, 312, '2018-04-11', '2018-04-25', 'Completed', 'Delivery'),
	(1095, 310, '2018-04-11', '2018-04-30', 'Completed', 'Pickup'),
	(1096, 394, '2018-04-13', '2018-04-16', 'Completed', 'Pickup'),
	(1097, 296, '2018-04-13', '2018-04-18', 'Completed', 'Pickup'),
	(1098, 399, '2018-04-17', '2018-04-29', 'Completed', 'Pickup'),
	(1099, 106, '2018-04-17', '2018-04-29', 'Completed', 'Pickup'),
	(1100, 277, '2018-04-17', '2018-04-19', 'Completed', 'Pickup'),
	(1101, 235, '2018-04-17', '2018-05-02', 'Completed', 'Delivery'),
	(1102, 195, '2018-04-18', '2018-04-21', 'Completed', 'Pickup'),
	(1103, 107, '2018-04-18', '2018-04-24', 'Completed', 'Delivery'),
	(1104, 168, '2018-04-18', '2018-04-23', 'Completed', 'Delivery'),
	(1105, 173, '2018-04-18', '2018-05-06', 'Completed', 'Pickup'),
	(1106, 204, '2018-04-18', '2018-04-27', 'Completed', 'Pickup'),
	(1107, 166, '2018-04-19', '2018-04-23', 'Completed', 'Delivery'),
	(1108, 368, '2018-04-19', '2018-04-23', 'Completed', 'Pickup'),
	(1109, 140, '2018-04-19', '2018-05-06', 'Completed', 'Pickup'),
	(1110, 212, '2018-04-21', '2018-04-28', 'Completed', 'Delivery'),
	(1111, 364, '2018-04-21', '2018-04-26', 'Completed', 'Pickup'),
	(1112, 351, '2018-04-21', '2018-05-12', 'Completed', 'Pickup'),
	(1113, 229, '2018-04-21', '2018-05-03', 'Completed', 'Pickup'),
	(1114, 206, '2018-04-21', '2018-05-10', 'Completed', 'Pickup'),
	(1115, 210, '2018-04-22', '2018-05-11', 'Completed', 'Pickup'),
	(1116, 132, '2018-04-23', '2018-05-14', 'Completed', 'Pickup'),
	(1117, 134, '2018-04-23', '2018-04-25', 'Completed', 'Delivery'),
	(1118, 242, '2018-04-23', '2018-05-10', 'Completed', 'Pickup'),
	(1119, 200, '2018-04-25', '2018-05-06', 'Completed', 'Pickup'),
	(1120, 185, '2018-04-25', '2018-05-06', 'Completed', 'Pickup'),
	(1121, 187, '2018-04-25', '2018-05-12', 'Completed', 'Pickup'),
	(1122, 368, '2018-04-26', '2018-05-15', 'Completed', 'Pickup'),
	(1123, 319, '2018-04-26', '2018-04-28', 'Completed', 'Pickup'),
	(1124, 360, '2018-04-28', '2018-05-19', 'Completed', 'Pickup'),
	(1125, 233, '2018-04-28', '2018-04-30', 'Completed', 'Pickup'),
	(1126, 303, '2018-04-28', '2018-05-12', 'Completed', 'Pickup'),
	(1127, 292, '2018-04-28', '2018-05-14', 'Completed', 'Pickup'),
	(1128, 149, '2018-04-28', '2018-05-16', 'Completed', 'Delivery'),
	(1129, 253, '2018-04-30', '2018-05-10', 'Completed', 'Delivery'),
	(1130, 264, '2018-04-30', '2018-05-11', 'Completed', 'Pickup'),
	(1131, 231, '2018-04-30', '2018-05-14', 'Completed', 'Pickup'),
	(1132, 355, '2018-04-30', '2018-05-15', 'Completed', 'Pickup'),
	(1133, 172, '2018-05-01', '2018-05-11', 'Completed', 'Pickup'),
	(1134, 192, '2018-05-02', '2018-05-04', 'Completed', 'Pickup'),
	(1135, 106, '2018-05-04', '2018-05-10', 'Completed', 'Delivery'),
	(1136, 146, '2018-05-04', '2018-05-10', 'Completed', 'Pickup'),
	(1137, 245, '2018-05-04', '2018-05-21', 'Completed', 'Pickup'),
	(1138, 124, '2018-05-04', '2018-05-08', 'Completed', 'Delivery'),
	(1139, 145, '2018-05-04', '2018-05-11', 'Completed', 'Delivery'),
	(1140, 297, '2018-05-05', '2018-05-22', 'Completed', 'Pickup'),
	(1141, 376, '2018-05-05', '2018-05-20', 'Completed', 'Pickup'),
	(1142, 354, '2018-05-06', '2018-05-15', 'Completed', 'Pickup'),
	(1143, 214, '2018-05-06', '2018-05-22', 'Completed', 'Delivery'),
	(1144, 330, '2018-05-07', '2018-05-17', 'Completed', 'Delivery'),
	(1145, 169, '2018-05-08', '2018-05-10', 'Completed', 'Delivery'),
	(1146, 238, '2018-05-09', '2018-05-18', 'Completed', 'Pickup'),
	(1147, 187, '2018-05-09', '2018-05-12', 'Completed', 'Pickup'),
	(1148, 177, '2018-05-09', '2018-05-28', 'Completed', 'Pickup'),
	(1149, 148, '2018-05-09', '2018-05-22', 'Completed', 'Delivery'),
	(1150, 382, '2018-05-09', '2018-05-14', 'Completed', 'Pickup'),
	(1151, 381, '2018-05-10', '2018-05-19', 'Completed', 'Pickup'),
	(1152, 205, '2018-05-10', '2018-05-25', 'Completed', 'Pickup'),
	(1153, 360, '2018-05-10', '2018-05-14', 'Completed', 'Pickup'),
	(1154, 120, '2018-05-12', '2018-05-25', 'Completed', 'Pickup'),
	(1155, 266, '2018-05-12', '2018-05-14', 'Completed', 'Pickup'),
	(1156, 384, '2018-05-13', '2018-05-30', 'Completed', 'Delivery'),
	(1157, 297, '2018-05-13', '2018-05-16', 'Completed', 'Pickup'),
	(1158, 259, '2018-05-13', '2018-05-27', 'Completed', 'Pickup'),
	(1159, 364, '2018-05-13', '2018-05-27', 'Completed', 'Pickup'),
	(1160, 312, '2018-05-13', '2018-05-30', 'Completed', 'Pickup'),
	(1161, 111, '2018-05-14', '2018-06-04', 'Completed', 'Pickup'),
	(1162, 104, '2018-05-14', '2018-06-02', 'Completed', 'Pickup'),
	(1163, 214, '2018-05-14', '2018-05-31', 'Completed', 'Pickup'),
	(1164, 216, '2018-05-14', '2018-06-03', 'Completed', 'Pickup'),
	(1165, 304, '2018-05-14', '2018-06-01', 'Completed', 'Pickup'),
	(1166, 340, '2018-05-15', '2018-06-03', 'Completed', 'Pickup'),
	(1167, 138, '2018-05-15', '2018-05-17', 'Completed', 'Pickup'),
	(1168, 284, '2018-05-15', '2018-06-01', 'Completed', 'Pickup'),
	(1169, 259, '2018-05-15', '2018-05-24', 'Completed', 'Delivery'),
	(1170, 155, '2018-05-16', '2018-06-02', 'Completed', 'Pickup'),
	(1171, 231, '2018-05-16', '2018-06-06', 'Completed', 'Pickup'),
	(1172, 289, '2018-05-16', '2018-06-06', 'Completed', 'Delivery'),
	(1173, 315, '2018-05-17', '2018-05-28', 'Completed', 'Pickup'),
	(1174, 197, '2018-05-17', '2018-06-05', 'Completed', 'Pickup'),
	(1175, 216, '2018-05-17', '2018-06-04', 'Completed', 'Delivery'),
	(1176, 159, '2018-05-19', '2018-05-29', 'Completed', 'Pickup'),
	(1177, 212, '2018-05-20', '2018-06-05', 'Completed', 'Pickup'),
	(1178, 163, '2018-05-20', '2018-05-22', 'Completed', 'Delivery'),
	(1179, 202, '2018-05-21', '2018-06-11', 'Completed', 'Pickup'),
	(1180, 297, '2018-05-21', '2018-06-09', 'Completed', 'Pickup'),
	(1181, 292, '2018-05-22', '2018-06-06', 'Completed', 'Pickup'),
	(1182, 132, '2018-05-22', '2018-05-28', 'Completed', 'Pickup'),
	(1183, 328, '2018-05-22', '2018-06-06', 'Completed', 'Pickup'),
	(1184, 137, '2018-05-23', '2018-05-27', 'Completed', 'Pickup'),
	(1185, 241, '2018-05-23', '2018-06-10', 'Completed', 'Pickup'),
	(1186, 232, '2018-05-24', '2018-05-27', 'Completed', 'Pickup'),
	(1187, 393, '2018-05-24', '2018-06-09', 'Completed', 'Pickup'),
	(1188, 213, '2018-05-26', '2018-06-03', 'Completed', 'Delivery'),
	(1189, 270, '2018-05-26', '2018-06-13', 'Completed', 'Pickup'),
	(1190, 369, '2018-05-27', '2018-06-12', 'Completed', 'Pickup'),
	(1191, 293, '2018-05-27', '2018-06-09', 'Completed', 'Pickup'),
	(1192, 306, '2018-05-27', '2018-05-30', 'Completed', 'Pickup'),
	(1193, 320, '2018-05-27', '2018-05-30', 'Completed', 'Delivery'),
	(1194, 215, '2018-05-27', '2018-06-14', 'Completed', 'Pickup'),
	(1195, 221, '2018-05-28', '2018-06-18', 'Completed', 'Pickup'),
	(1196, 108, '2018-05-28', '2018-06-08', 'Completed', 'Delivery'),
	(1197, 200, '2018-05-28', '2018-06-12', 'Completed', 'Pickup'),
	(1198, 224, '2018-05-28', '2018-06-11', 'Completed', 'Pickup'),
	(1199, 108, '2018-05-29', '2018-06-09', 'Completed', 'Pickup'),
	(1200, 210, '2018-05-29', '2018-06-04', 'Completed', 'Delivery'),
	(1201, 338, '2018-05-29', '2018-06-02', 'Completed', 'Pickup'),
	(1202, 344, '2018-05-30', '2018-06-10', 'Completed', 'Delivery'),
	(1203, 217, '2018-05-30', '2018-06-12', 'Completed', 'Pickup'),
	(1204, 248, '2018-05-30', '2018-06-04', 'Completed', 'Pickup'),
	(1205, 150, '2018-05-30', '2018-06-09', 'Completed', 'Pickup'),
	(1206, 234, '2018-05-30', '2018-06-08', 'Completed', 'Pickup'),
	(1207, 302, '2018-05-31', '2018-06-07', 'Completed', 'Delivery'),
	(1208, 384, '2018-05-31', '2018-06-17', 'Completed', 'Delivery'),
	(1209, 108, '2018-05-31', '2018-06-21', 'Completed', 'Pickup'),
	(1210, 182, '2018-05-31', '2018-06-11', 'Completed', 'Pickup'),
	(1211, 394, '2018-06-03', '2018-06-23', 'Completed', 'Delivery'),
	(1212, 169, '2018-06-03', '2018-06-20', 'Completed', 'Pickup'),
	(1213, 172, '2018-06-03', '2018-06-06', 'Completed', 'Pickup'),
	(1214, 398, '2018-06-03', '2018-06-07', 'Completed', 'Pickup'),
	(1215, 174, '2018-06-04', '2018-06-15', 'Completed', 'Pickup'),
	(1216, 325, '2018-06-04', '2018-06-13', 'Completed', 'Pickup'),
	(1217, 354, '2018-06-04', '2018-06-08', 'Completed', 'Delivery'),
	(1218, 369, '2018-06-04', '2018-06-14', 'Completed', 'Pickup'),
	(1219, 240, '2018-06-05', '2018-06-16', 'Completed', 'Pickup'),
	(1220, 139, '2018-06-05', '2018-06-19', 'Completed', 'Pickup'),
	(1221, 312, '2018-06-07', '2018-06-20', 'Completed', 'Delivery'),
	(1222, 149, '2018-06-07', '2018-06-25', 'Completed', 'Pickup'),
	(1223, 208, '2018-06-07', '2018-06-18', 'Completed', 'Pickup'),
	(1224, 247, '2018-06-08', '2018-06-12', 'Completed', 'Delivery'),
	(1225, 279, '2018-06-08', '2018-06-25', 'Completed', 'Pickup'),
	(1226, 295, '2018-06-09', '2018-06-22', 'Completed', 'Pickup'),
	(1227, 312, '2018-06-10', '2018-06-29', 'Completed', 'Pickup'),
	(1228, 198, '2018-06-10', '2018-06-18', 'Completed', 'Pickup'),
	(1229, 250, '2018-06-10', '2018-06-17', 'Completed', 'Delivery'),
	(1230, 240, '2018-06-10', '2018-06-22', 'Completed', 'Pickup'),
	(1231, 187, '2018-06-10', '2018-06-15', 'Completed', 'Pickup'),
	(1232, 370, '2018-06-11', '2018-06-20', 'Completed', 'Delivery'),
	(1233, 340, '2018-06-11', '2018-06-22', 'Completed', 'Delivery'),
	(1234, 189, '2018-06-11', '2018-06-29', 'Completed', 'Delivery'),
	(1235, 284, '2018-06-11', '2018-06-21', 'Completed', 'Pickup'),
	(1236, 104, '2018-06-12', '2018-06-25', 'Completed', 'Delivery'),
	(1237, 333, '2018-06-13', '2018-06-22', 'Completed', 'Pickup'),
	(1238, 276, '2018-06-14', '2018-07-05', 'Completed', 'Pickup'),
	(1239, 357, '2018-06-14', '2018-06-29', 'Completed', 'Pickup'),
	(1240, 268, '2018-06-14', '2018-07-05', 'Completed', 'Pickup'),
	(1241, 201, '2018-06-14', '2018-06-24', 'Completed', 'Delivery'),
	(1242, 135, '2018-06-15', '2018-06-19', 'Completed', 'Pickup'),
	(1243, 115, '2018-06-15', '2018-06-18', 'Completed', 'Pickup'),
	(1244, 294, '2018-06-15', '2018-06-27', 'Completed', 'Delivery'),
	(1245, 251, '2018-06-15', '2018-06-18', 'Completed', 'Pickup'),
	(1246, 131, '2018-06-16', '2018-07-02', 'Completed', 'Pickup'),
	(1247, 381, '2018-06-16', '2018-07-04', 'Completed', 'Pickup'),
	(1248, 305, '2018-06-16', '2018-07-06', 'Completed', 'Pickup'),
	(1249, 298, '2018-06-17', '2018-06-27', 'Completed', 'Pickup'),
	(1250, 248, '2018-06-17', '2018-06-20', 'Completed', 'Pickup'),
	(1251, 368, '2018-06-18', '2018-06-22', 'Completed', 'Pickup'),
	(1252, 146, '2018-06-18', '2018-06-26', 'Completed', 'Pickup'),
	(1253, 204, '2018-06-19', '2018-06-22', 'Completed', 'Pickup'),
	(1254, 322, '2018-06-19', '2018-07-02', 'Completed', 'Pickup'),
	(1255, 372, '2018-06-19', '2018-06-28', 'Completed', 'Delivery'),
	(1256, 152, '2018-06-20', '2018-07-11', 'Completed', 'Pickup'),
	(1257, 209, '2018-06-20', '2018-07-03', 'Completed', 'Pickup'),
	(1258, 203, '2018-06-20', '2018-06-25', 'Completed', 'Pickup'),
	(1259, 219, '2018-06-21', '2018-06-27', 'Completed', 'Pickup'),
	(1260, 273, '2018-06-21', '2018-07-10', 'Completed', 'Pickup'),
	(1261, 340, '2018-06-21', '2018-06-28', 'Completed', 'Pickup'),
	(1262, 354, '2018-06-21', '2018-06-24', 'Completed', 'Pickup'),
	(1263, 221, '2018-06-23', '2018-06-26', 'Completed', 'Delivery'),
	(1264, 245, '2018-06-23', '2018-06-25', 'Completed', 'Pickup'),
	(1265, 153, '2018-06-23', '2018-07-14', 'Completed', 'Pickup'),
	(1266, 153, '2018-06-23', '2018-07-09', 'Completed', 'Pickup'),
	(1267, 339, '2018-06-23', '2018-07-02', 'Completed', 'Pickup'),
	(1268, 221, '2018-06-24', '2018-07-14', 'Completed', 'Pickup'),
	(1269, 387, '2018-06-24', '2018-06-30', 'Completed', 'Pickup'),
	(1270, 305, '2018-06-24', '2018-06-30', 'Completed', 'Pickup'),
	(1271, 222, '2018-06-25', '2018-07-07', 'Completed', 'Pickup'),
	(1272, 281, '2018-06-27', '2018-07-05', 'Completed', 'Delivery'),
	(1273, 360, '2018-06-28', '2018-07-18', 'Completed', 'Pickup'),
	(1274, 298, '2018-06-28', '2018-07-10', 'Completed', 'Pickup'),
	(1275, 201, '2018-06-28', '2018-07-14', 'Completed', 'Delivery'),
	(1276, 315, '2018-06-30', '2018-07-11', 'Completed', 'Pickup'),
	(1277, 107, '2018-06-30', '2018-07-08', 'Completed', 'Delivery'),
	(1278, 396, '2018-06-30', '2018-07-20', 'Completed', 'Pickup'),
	(1279, 371, '2018-06-30', '2018-07-08', 'Completed', 'Delivery'),
	(1280, 307, '2018-06-30', '2018-07-20', 'Completed', 'Pickup'),
	(1281, 289, '2018-07-02', '2018-07-16', 'Completed', 'Delivery'),
	(1282, 263, '2018-07-02', '2018-07-14', 'Completed', 'Pickup'),
	(1283, 303, '2018-07-02', '2018-07-08', 'Completed', 'Pickup'),
	(1284, 301, '2018-07-03', '2018-07-05', 'Completed', 'Pickup'),
	(1285, 354, '2018-07-03', '2018-07-18', 'Completed', 'Pickup'),
	(1286, 386, '2018-07-03', '2018-07-20', 'Completed', 'Pickup'),
	(1287, 339, '2018-07-03', '2018-07-24', 'Completed', 'Delivery'),
	(1288, 291, '2018-07-03', '2018-07-07', 'Completed', 'Pickup'),
	(1289, 183, '2018-07-04', '2018-07-11', 'Completed', 'Pickup'),
	(1290, 288, '2018-07-04', '2018-07-11', 'Completed', 'Delivery'),
	(1291, 248, '2018-07-05', '2018-07-16', 'Completed', 'Pickup'),
	(1292, 315, '2018-07-05', '2018-07-22', 'Completed', 'Pickup'),
	(1293, 277, '2018-07-05', '2018-07-09', 'Completed', 'Pickup'),
	(1294, 188, '2018-07-06', '2018-07-16', 'Completed', 'Pickup'),
	(1295, 286, '2018-07-06', '2018-07-27', 'Completed', 'Delivery'),
	(1296, 339, '2018-07-06', '2018-07-22', 'Completed', 'Pickup'),
	(1297, 109, '2018-07-06', '2018-07-27', 'Completed', 'Pickup'),
	(1298, 339, '2018-07-07', '2018-07-27', 'Completed', 'Pickup'),
	(1299, 357, '2018-07-07', '2018-07-16', 'Completed', 'Pickup'),
	(1300, 254, '2018-07-07', '2018-07-27', 'Completed', 'Pickup'),
	(1301, 176, '2018-07-07', '2018-07-26', 'Completed', 'Delivery'),
	(1302, 210, '2018-07-07', '2018-07-23', 'Completed', 'Delivery'),
	(1303, 116, '2018-07-08', '2018-07-12', 'Completed', 'Pickup'),
	(1304, 143, '2018-07-11', '2018-07-18', 'Completed', 'Pickup'),
	(1305, 278, '2018-07-11', '2018-07-30', 'Completed', 'Pickup'),
	(1306, 291, '2018-07-13', '2018-08-03', 'Completed', 'Pickup'),
	(1307, 303, '2018-07-13', '2018-07-30', 'Completed', 'Pickup'),
	(1308, 202, '2018-07-14', '2018-07-29', 'Completed', 'Pickup'),
	(1309, 303, '2018-07-14', '2018-07-23', 'Completed', 'Pickup'),
	(1310, 170, '2018-07-14', '2018-08-01', 'Completed', 'Pickup'),
	(1311, 399, '2018-07-14', '2018-07-25', 'Completed', 'Delivery'),
	(1312, 129, '2018-07-14', '2018-07-16', 'Completed', 'Pickup'),
	(1313, 245, '2018-07-15', '2018-07-20', 'Completed', 'Pickup'),
	(1314, 262, '2018-07-16', '2018-08-04', 'Completed', 'Pickup'),
	(1315, 210, '2018-07-16', '2018-08-06', 'Completed', 'Pickup'),
	(1316, 286, '2018-07-16', '2018-07-31', 'Completed', 'Delivery'),
	(1317, 276, '2018-07-17', '2018-07-29', 'Completed', 'Pickup'),
	(1318, 174, '2018-07-17', '2018-07-28', 'Completed', 'Pickup'),
	(1319, 188, '2018-07-17', '2018-07-31', 'Completed', 'Pickup'),
	(1320, 124, '2018-07-18', '2018-07-28', 'Completed', 'Delivery'),
	(1321, 337, '2018-07-18', '2018-08-02', 'Completed', 'Pickup'),
	(1322, 288, '2018-07-20', '2018-07-29', 'Completed', 'Pickup'),
	(1323, 216, '2018-07-20', '2018-07-29', 'Completed', 'Pickup'),
	(1324, 320, '2018-07-20', '2018-08-06', 'Completed', 'Pickup'),
	(1325, 280, '2018-07-21', '2018-07-27', 'Completed', 'Pickup'),
	(1326, 304, '2018-07-21', '2018-07-28', 'Completed', 'Delivery'),
	(1327, 289, '2018-07-21', '2018-08-09', 'Completed', 'Pickup'),
	(1328, 163, '2018-07-22', '2018-08-02', 'Completed', 'Pickup'),
	(1329, 102, '2018-07-23', '2018-08-02', 'Completed', 'Pickup'),
	(1330, 161, '2018-07-23', '2018-08-13', 'Completed', 'Pickup'),
	(1331, 257, '2018-07-24', '2018-07-29', 'Completed', 'Delivery'),
	(1332, 361, '2018-07-25', '2018-08-07', 'Completed', 'Pickup'),
	(1333, 392, '2018-07-25', '2018-07-27', 'Completed', 'Pickup'),
	(1334, 397, '2018-07-25', '2018-07-29', 'Completed', 'Pickup'),
	(1335, 357, '2018-07-26', '2018-08-03', 'Completed', 'Pickup'),
	(1336, 127, '2018-07-27', '2018-08-07', 'Completed', 'Pickup'),
	(1337, 197, '2018-07-27', '2018-08-04', 'Completed', 'Delivery'),
	(1338, 341, '2018-07-27', '2018-08-16', 'Completed', 'Pickup'),
	(1339, 109, '2018-07-28', '2018-08-05', 'Completed', 'Pickup'),
	(1340, 305, '2018-07-28', '2018-08-10', 'Completed', 'Delivery'),
	(1341, 264, '2018-07-28', '2018-08-10', 'Completed', 'Pickup'),
	(1342, 108, '2018-07-28', '2018-08-05', 'Completed', 'Pickup'),
	(1343, 290, '2018-07-28', '2018-08-03', 'Completed', 'Pickup'),
	(1344, 184, '2018-07-29', '2018-08-16', 'Completed', 'Pickup'),
	(1345, 392, '2018-07-29', '2018-08-06', 'Completed', 'Pickup'),
	(1346, 187, '2018-07-29', '2018-08-09', 'Completed', 'Pickup'),
	(1347, 199, '2018-07-29', '2018-07-31', 'Completed', 'Pickup'),
	(1348, 190, '2018-07-29', '2018-08-14', 'Completed', 'Pickup'),
	(1349, 231, '2018-07-30', '2018-08-04', 'Completed', 'Pickup'),
	(1350, 157, '2018-07-30', '2018-08-13', 'Completed', 'Pickup'),
	(1351, 267, '2018-07-30', '2018-08-02', 'Completed', 'Delivery'),
	(1352, 181, '2018-07-30', '2018-08-08', 'Completed', 'Pickup'),
	(1353, 147, '2018-07-31', '2018-08-11', 'Completed', 'Pickup'),
	(1354, 324, '2018-07-31', '2018-08-05', 'Completed', 'Pickup'),
	(1355, 126, '2018-07-31', '2018-08-05', 'Completed', 'Pickup'),
	(1356, 105, '2018-07-31', '2018-08-20', 'Completed', 'Delivery'),
	(1357, 385, '2018-08-01', '2018-08-04', 'Completed', 'Delivery'),
	(1358, 351, '2018-08-01', '2018-08-06', 'Completed', 'Pickup'),
	(1359, 177, '2018-08-02', '2018-08-23', 'Completed', 'Delivery'),
	(1360, 236, '2018-08-02', '2018-08-14', 'Completed', 'Pickup'),
	(1361, 334, '2018-08-02', '2018-08-15', 'Completed', 'Pickup'),
	(1362, 108, '2018-08-02', '2018-08-10', 'Completed', 'Pickup'),
	(1363, 162, '2018-08-02', '2018-08-10', 'Completed', 'Pickup'),
	(1364, 182, '2018-08-03', '2018-08-23', 'Completed', 'Delivery'),
	(1365, 162, '2018-08-04', '2018-08-13', 'Completed', 'Delivery'),
	(1366, 127, '2018-08-05', '2018-08-18', 'Completed', 'Pickup'),
	(1367, 374, '2018-08-05', '2018-08-19', 'Completed', 'Pickup'),
	(1368, 361, '2018-08-05', '2018-08-24', 'Completed', 'Pickup'),
	(1369, 192, '2018-08-05', '2018-08-21', 'Completed', 'Delivery'),
	(1370, 281, '2018-08-06', '2018-08-19', 'Completed', 'Pickup'),
	(1371, 180, '2018-08-07', '2018-08-23', 'Completed', 'Pickup'),
	(1372, 340, '2018-08-08', '2018-08-25', 'Completed', 'Pickup'),
	(1373, 159, '2018-08-08', '2018-08-11', 'Completed', 'Delivery'),
	(1374, 169, '2018-08-08', '2018-08-19', 'Completed', 'Pickup'),
	(1375, 300, '2018-08-08', '2018-08-26', 'Completed', 'Pickup'),
	(1376, 295, '2018-08-09', '2018-08-27', 'Completed', 'Delivery'),
	(1377, 149, '2018-08-09', '2018-08-26', 'Completed', 'Pickup'),
	(1378, 180, '2018-08-09', '2018-08-29', 'Completed', 'Pickup'),
	(1379, 257, '2018-08-10', '2018-08-20', 'Completed', 'Pickup'),
	(1380, 245, '2018-08-10', '2018-08-19', 'Completed', 'Pickup'),
	(1381, 214, '2018-08-10', '2018-08-13', 'Completed', 'Delivery'),
	(1382, 215, '2018-08-10', '2018-08-22', 'Completed', 'Pickup'),
	(1383, 163, '2018-08-12', '2018-08-21', 'Completed', 'Pickup'),
	(1384, 147, '2018-08-12', '2018-08-14', 'Completed', 'Pickup'),
	(1385, 122, '2018-08-12', '2018-08-27', 'Completed', 'Delivery'),
	(1386, 295, '2018-08-13', '2018-08-26', 'Completed', 'Pickup'),
	(1387, 107, '2018-08-13', '2018-08-22', 'Completed', 'Delivery'),
	(1388, 302, '2018-08-14', '2018-08-28', 'Completed', 'Pickup'),
	(1389, 222, '2018-08-14', '2018-08-29', 'Completed', 'Pickup'),
	(1390, 279, '2018-08-14', '2018-08-30', 'Completed', 'Pickup'),
	(1391, 332, '2018-08-14', '2018-09-04', 'Completed', 'Delivery'),
	(1392, 159, '2018-08-15', '2018-08-23', 'Completed', 'Pickup'),
	(1393, 195, '2018-08-15', '2018-08-29', 'Completed', 'Pickup'),
	(1394, 266, '2018-08-16', '2018-09-01', 'Completed', 'Pickup'),
	(1395, 112, '2018-08-16', '2018-08-23', 'Completed', 'Delivery'),
	(1396, 229, '2018-08-17', '2018-09-06', 'Completed', 'Delivery'),
	(1397, 235, '2018-08-17', '2018-08-25', 'Completed', 'Pickup'),
	(1398, 156, '2018-08-17', '2018-08-24', 'Completed', 'Pickup'),
	(1399, 202, '2018-08-17', '2018-08-20', 'Completed', 'Delivery'),
	(1400, 140, '2018-08-18', '2018-08-31', 'Completed', 'Delivery'),
	(1401, 300, '2018-08-18', '2018-08-25', 'Completed', 'Pickup'),
	(1402, 303, '2018-08-18', '2018-08-21', 'Completed', 'Pickup'),
	(1403, 216, '2018-08-18', '2018-08-25', 'Completed', 'Pickup'),
	(1404, 382, '2018-08-18', '2018-09-08', 'Completed', 'Pickup'),
	(1405, 233, '2018-08-19', '2018-08-29', 'Completed', 'Delivery'),
	(1406, 317, '2018-08-20', '2018-08-23', 'Completed', 'Pickup'),
	(1407, 217, '2018-08-20', '2018-09-05', 'Completed', 'Pickup'),
	(1408, 312, '2018-08-20', '2018-09-04', 'Completed', 'Delivery'),
	(1409, 177, '2018-08-20', '2018-08-31', 'Completed', 'Pickup'),
	(1410, 320, '2018-08-20', '2018-08-30', 'Completed', 'Pickup'),
	(1411, 175, '2018-08-21', '2018-08-24', 'Completed', 'Delivery'),
	(1412, 317, '2018-08-21', '2018-09-05', 'Completed', 'Pickup'),
	(1413, 294, '2018-08-21', '2018-08-29', 'Completed', 'Delivery'),
	(1414, 164, '2018-08-21', '2018-09-06', 'Completed', 'Pickup'),
	(1415, 176, '2018-08-22', '2018-08-30', 'Completed', 'Pickup'),
	(1416, 387, '2018-08-22', '2018-08-24', 'Completed', 'Delivery'),
	(1417, 262, '2018-08-23', '2018-08-27', 'Completed', 'Pickup'),
	(1418, 230, '2018-08-23', '2018-09-02', 'Completed', 'Delivery'),
	(1419, 183, '2018-08-26', '2018-09-06', 'Completed', 'Delivery'),
	(1420, 391, '2018-08-27', '2018-09-07', 'Completed', 'Pickup'),
	(1421, 331, '2018-08-27', '2018-09-14', 'Completed', 'Pickup'),
	(1422, 264, '2018-08-27', '2018-09-07', 'Completed', 'Pickup'),
	(1423, 359, '2018-08-28', '2018-09-05', 'Completed', 'Pickup'),
	(1424, 240, '2018-08-28', '2018-09-11', 'Completed', 'Pickup'),
	(1425, 198, '2018-08-28', '2018-09-07', 'Completed', 'Delivery'),
	(1426, 208, '2018-08-28', '2018-08-30', 'Completed', 'Pickup'),
	(1427, 297, '2018-08-28', '2018-09-14', 'Completed', 'Pickup'),
	(1428, 375, '2018-08-29', '2018-09-08', 'Completed', 'Delivery'),
	(1429, 221, '2018-08-29', '2018-09-19', 'Completed', 'Pickup'),
	(1430, 318, '2018-08-29', '2018-09-19', 'Completed', 'Pickup'),
	(1431, 360, '2018-08-29', '2018-09-16', 'Completed', 'Pickup'),
	(1432, 146, '2018-08-30', '2018-09-05', 'Completed', 'Pickup'),
	(1433, 254, '2018-08-30', '2018-09-09', 'Completed', 'Delivery'),
	(1434, 335, '2018-08-30', '2018-09-01', 'Completed', 'Pickup'),
	(1435, 286, '2018-08-30', '2018-09-15', 'Completed', 'Pickup'),
	(1436, 301, '2018-08-31', '2018-09-21', 'Completed', 'Pickup'),
	(1437, 288, '2018-08-31', '2018-09-19', 'Completed', 'Pickup'),
	(1438, 296, '2018-08-31', '2018-09-15', 'Completed', 'Pickup'),
	(1439, 272, '2018-08-31', '2018-09-12', 'Completed', 'Delivery'),
	(1440, 189, '2018-09-01', '2018-09-22', 'Completed', 'Delivery'),
	(1441, 135, '2018-09-01', '2018-09-22', 'Completed', 'Pickup'),
	(1442, 306, '2018-09-01', '2018-09-14', 'Completed', 'Pickup'),
	(1443, 271, '2018-09-01', '2018-09-07', 'Completed', 'Pickup'),
	(1444, 202, '2018-09-02', '2018-09-16', 'Completed', 'Pickup'),
	(1445, 255, '2018-09-02', '2018-09-18', 'Completed', 'Pickup'),
	(1446, 288, '2018-09-02', '2018-09-17', 'Completed', 'Pickup'),
	(1447, 233, '2018-09-03', '2018-09-24', 'Completed', 'Pickup'),
	(1448, 244, '2018-09-03', '2018-09-23', 'Completed', 'Pickup'),
	(1449, 201, '2018-09-03', '2018-09-23', 'Completed', 'Pickup'),
	(1450, 388, '2018-09-03', '2018-09-06', 'Completed', 'Pickup'),
	(1451, 301, '2018-09-04', '2018-09-17', 'Completed', 'Delivery'),
	(1452, 281, '2018-09-04', '2018-09-19', 'Completed', 'Pickup'),
	(1453, 356, '2018-09-05', '2018-09-24', 'Completed', 'Pickup'),
	(1454, 258, '2018-09-05', '2018-09-11', 'Completed', 'Pickup'),
	(1455, 256, '2018-09-05', '2018-09-20', 'Completed', 'Delivery'),
	(1456, 249, '2018-09-05', '2018-09-25', 'Completed', 'Pickup'),
	(1457, 297, '2018-09-05', '2018-09-19', 'Completed', 'Pickup'),
	(1458, 380, '2018-09-06', '2018-09-17', 'Completed', 'Pickup'),
	(1459, 104, '2018-09-08', '2018-09-13', 'Completed', 'Pickup'),
	(1460, 341, '2018-09-08', '2018-09-18', 'Completed', 'Pickup'),
	(1461, 207, '2018-09-08', '2018-09-21', 'Completed', 'Pickup'),
	(1462, 156, '2018-09-08', '2018-09-26', 'Completed', 'Pickup'),
	(1463, 254, '2018-09-08', '2018-09-12', 'Completed', 'Pickup'),
	(1464, 201, '2018-09-10', '2018-09-19', 'Completed', 'Pickup'),
	(1465, 120, '2018-09-10', '2018-09-14', 'Completed', 'Delivery'),
	(1466, 111, '2018-09-10', '2018-09-18', 'Completed', 'Pickup'),
	(1467, 125, '2018-09-10', '2018-09-28', 'Completed', 'Pickup'),
	(1468, 201, '2018-09-10', '2018-09-16', 'Completed', 'Delivery'),
	(1469, 183, '2018-09-12', '2018-10-01', 'Completed', 'Delivery'),
	(1470, 270, '2018-09-12', '2018-09-20', 'Completed', 'Delivery'),
	(1471, 289, '2018-09-12', '2018-10-02', 'Completed', 'Pickup'),
	(1472, 233, '2018-09-12', '2018-09-24', 'Completed', 'Delivery'),
	(1473, 196, '2018-09-12', '2018-09-29', 'Completed', 'Delivery'),
	(1474, 290, '2018-09-13', '2018-09-18', 'Completed', 'Pickup'),
	(1475, 179, '2018-09-13', '2018-09-23', 'Completed', 'Delivery'),
	(1476, 173, '2018-09-14', '2018-10-05', 'Completed', 'Pickup'),
	(1477, 387, '2018-09-14', '2018-10-04', 'Completed', 'Delivery'),
	(1478, 179, '2018-09-14', '2018-09-25', 'Completed', 'Delivery'),
	(1479, 203, '2018-09-14', '2018-09-17', 'Completed', 'Pickup'),
	(1480, 218, '2018-09-16', '2018-10-04', 'Completed', 'Pickup'),
	(1481, 385, '2018-09-16', '2018-10-04', 'Completed', 'Pickup'),
	(1482, 159, '2018-09-16', '2018-09-22', 'Completed', 'Pickup'),
	(1483, 160, '2018-09-16', '2018-09-26', 'Completed', 'Pickup'),
	(1484, 319, '2018-09-16', '2018-09-19', 'Completed', 'Pickup'),
	(1485, 243, '2018-09-19', '2018-09-25', 'Completed', 'Delivery'),
	(1486, 247, '2018-09-19', '2018-09-22', 'Completed', 'Pickup'),
	(1487, 314, '2018-09-19', '2018-09-30', 'Completed', 'Pickup'),
	(1488, 221, '2018-09-20', '2018-10-05', 'Completed', 'Pickup'),
	(1489, 234, '2018-09-20', '2018-09-28', 'Completed', 'Pickup'),
	(1490, 163, '2018-09-20', '2018-09-27', 'Completed', 'Delivery'),
	(1491, 294, '2018-09-20', '2018-10-07', 'Completed', 'Pickup'),
	(1492, 130, '2018-09-20', '2018-09-23', 'Completed', 'Delivery'),
	(1493, 341, '2018-09-21', '2018-10-12', 'Completed', 'Delivery'),
	(1494, 122, '2018-09-21', '2018-10-07', 'Completed', 'Pickup'),
	(1495, 379, '2018-09-21', '2018-10-01', 'Completed', 'Pickup'),
	(1496, 105, '2018-09-21', '2018-10-03', 'Completed', 'Pickup'),
	(1497, 287, '2018-09-25', '2018-10-15', 'Completed', 'Pickup'),
	(1498, 273, '2018-09-25', '2018-09-27', 'Completed', 'Pickup'),
	(1499, 162, '2018-09-25', '2018-10-06', 'Completed', 'Pickup'),
	(1500, 137, '2018-09-25', '2018-10-14', 'Completed', 'Pickup'),
	(1501, 298, '2018-09-26', '2018-10-03', 'Completed', 'Pickup'),
	(1502, 245, '2018-09-27', '2018-10-12', 'Completed', 'Delivery'),
	(1503, 286, '2018-09-27', '2018-10-12', 'Completed', 'Pickup'),
	(1504, 369, '2018-09-27', '2018-10-09', 'Completed', 'Delivery'),
	(1505, 305, '2018-09-27', '2018-10-04', 'Completed', 'Pickup'),
	(1506, 209, '2018-09-29', '2018-10-03', 'Completed', 'Delivery'),
	(1507, 284, '2018-09-30', '2018-10-02', 'Completed', 'Delivery'),
	(1508, 198, '2018-09-30', '2018-10-02', 'Completed', 'Pickup'),
	(1509, 170, '2018-09-30', '2018-10-20', 'Completed', 'Pickup'),
	(1510, 176, '2018-09-30', '2018-10-09', 'Completed', 'Pickup'),
	(1511, 330, '2018-10-01', '2018-10-04', 'Completed', 'Pickup'),
	(1512, 134, '2018-10-02', '2018-10-15', 'Completed', 'Delivery'),
	(1513, 111, '2018-10-02', '2018-10-20', 'Completed', 'Pickup'),
	(1514, 194, '2018-10-02', '2018-10-21', 'Completed', 'Delivery'),
	(1515, 398, '2018-10-02', '2018-10-22', 'Completed', 'Pickup'),
	(1516, 178, '2018-10-03', '2018-10-08', 'Completed', 'Pickup'),
	(1517, 112, '2018-10-03', '2018-10-07', 'Completed', 'Pickup'),
	(1518, 215, '2018-10-03', '2018-10-10', 'Completed', 'Pickup'),
	(1519, 389, '2018-10-03', '2018-10-13', 'Completed', 'Delivery'),
	(1520, 281, '2018-10-03', '2018-10-17', 'Completed', 'Pickup'),
	(1521, 307, '2018-10-04', '2018-10-09', 'Completed', 'Pickup'),
	(1522, 227, '2018-10-04', '2018-10-16', 'Completed', 'Pickup'),
	(1523, 223, '2018-10-04', '2018-10-17', 'Completed', 'Pickup'),
	(1524, 115, '2018-10-04', '2018-10-15', 'Completed', 'Delivery'),
	(1525, 327, '2018-10-04', '2018-10-12', 'Completed', 'Pickup'),
	(1526, 325, '2018-10-05', '2018-10-19', 'Completed', 'Pickup'),
	(1527, 124, '2018-10-06', '2018-10-26', 'Completed', 'Pickup'),
	(1528, 365, '2018-10-06', '2018-10-20', 'Completed', 'Pickup'),
	(1529, 225, '2018-10-06', '2018-10-13', 'Completed', 'Pickup'),
	(1530, 210, '2018-10-08', '2018-10-21', 'Completed', 'Delivery'),
	(1531, 380, '2018-10-08', '2018-10-20', 'Completed', 'Pickup'),
	(1532, 172, '2018-10-10', '2018-10-30', 'Completed', 'Delivery'),
	(1533, 320, '2018-10-10', '2018-10-15', 'Completed', 'Pickup'),
	(1534, 136, '2018-10-12', '2018-10-30', 'Completed', 'Pickup'),
	(1535, 211, '2018-10-12', '2018-10-30', 'Completed', 'Delivery'),
	(1536, 190, '2018-10-12', '2018-10-30', 'Completed', 'Delivery'),
	(1537, 132, '2018-10-12', '2018-10-27', 'Completed', 'Pickup'),
	(1538, 206, '2018-10-13', '2018-10-21', 'Completed', 'Pickup'),
	(1539, 260, '2018-10-13', '2018-10-21', 'Completed', 'Delivery'),
	(1540, 312, '2018-10-13', '2018-10-21', 'Completed', 'Pickup'),
	(1541, 109, '2018-10-15', '2018-10-18', 'Completed', 'Delivery'),
	(1542, 160, '2018-10-15', '2018-10-30', 'Completed', 'Pickup'),
	(1543, 202, '2018-10-15', '2018-10-24', 'Completed', 'Delivery'),
	(1544, 103, '2018-10-15', '2018-10-25', 'Completed', 'Pickup'),
	(1545, 185, '2018-10-15', '2018-10-29', 'Completed', 'Pickup'),
	(1546, 204, '2018-10-16', '2018-10-26', 'Completed', 'Pickup'),
	(1547, 300, '2018-10-16', '2018-10-28', 'Completed', 'Pickup'),
	(1548, 293, '2018-10-16', '2018-10-27', 'Completed', 'Pickup'),
	(1549, 233, '2018-10-16', '2018-10-21', 'Completed', 'Pickup'),
	(1550, 173, '2018-10-16', '2018-10-27', 'Completed', 'Pickup'),
	(1551, 171, '2018-10-17', '2018-11-06', 'Completed', 'Pickup'),
	(1552, 384, '2018-10-17', '2018-11-07', 'Completed', 'Pickup'),
	(1553, 284, '2018-10-17', '2018-11-06', 'Completed', 'Delivery'),
	(1554, 184, '2018-10-18', '2018-10-23', 'Completed', 'Pickup'),
	(1555, 189, '2018-10-18', '2018-10-28', 'Completed', 'Pickup'),
	(1556, 269, '2018-10-18', '2018-11-04', 'Completed', 'Pickup'),
	(1557, 311, '2018-10-18', '2018-10-22', 'Completed', 'Pickup'),
	(1558, 319, '2018-10-19', '2018-10-27', 'Completed', 'Pickup'),
	(1559, 157, '2018-10-19', '2018-10-21', 'Completed', 'Pickup'),
	(1560, 307, '2018-10-20', '2018-11-06', 'Completed', 'Delivery'),
	(1561, 294, '2018-10-20', '2018-10-25', 'Completed', 'Pickup'),
	(1562, 376, '2018-10-20', '2018-11-02', 'Completed', 'Pickup'),
	(1563, 256, '2018-10-20', '2018-11-07', 'Completed', 'Pickup'),
	(1564, 207, '2018-10-21', '2018-11-04', 'Completed', 'Pickup'),
	(1565, 365, '2018-10-22', '2018-11-05', 'Completed', 'Pickup'),
	(1566, 204, '2018-10-22', '2018-11-07', 'Completed', 'Pickup'),
	(1567, 259, '2018-10-22', '2018-10-26', 'Completed', 'Delivery'),
	(1568, 297, '2018-10-22', '2018-11-02', 'Completed', 'Delivery'),
	(1569, 161, '2018-10-23', '2018-10-28', 'Completed', 'Delivery'),
	(1570, 319, '2018-10-24', '2018-10-26', 'Completed', 'Pickup'),
	(1571, 277, '2018-10-24', '2018-10-26', 'Completed', 'Pickup'),
	(1572, 235, '2018-10-25', '2018-10-30', 'Completed', 'Pickup'),
	(1573, 229, '2018-10-26', '2018-11-09', 'Completed', 'Pickup'),
	(1574, 143, '2018-10-26', '2018-10-28', 'Completed', 'Pickup'),
	(1575, 373, '2018-10-26', '2018-11-08', 'Completed', 'Pickup'),
	(1576, 261, '2018-10-28', '2018-11-09', 'Completed', 'Pickup'),
	(1577, 383, '2018-10-28', '2018-11-09', 'Completed', 'Pickup'),
	(1578, 208, '2018-10-28', '2018-11-18', 'Completed', 'Delivery'),
	(1579, 287, '2018-10-28', '2018-11-01', 'Completed', 'Pickup'),
	(1580, 303, '2018-10-29', '2018-11-12', 'Completed', 'Pickup'),
	(1581, 272, '2018-10-29', '2018-11-15', 'Completed', 'Pickup'),
	(1582, 332, '2018-10-29', '2018-11-16', 'Completed', 'Pickup'),
	(1583, 290, '2018-10-29', '2018-11-16', 'Completed', 'Pickup'),
	(1584, 359, '2018-10-29', '2018-11-02', 'Completed', 'Delivery'),
	(1585, 289, '2018-10-30', '2018-11-04', 'Completed', 'Delivery'),
	(1586, 102, '2018-10-30', '2018-11-09', 'Completed', 'Pickup'),
	(1587, 270, '2018-10-31', '2018-11-09', 'Completed', 'Pickup'),
	(1588, 187, '2018-10-31', '2018-11-09', 'Completed', 'Pickup'),
	(1589, 350, '2018-10-31', '2018-11-14', 'Completed', 'Pickup'),
	(1590, 137, '2018-11-01', '2018-11-12', 'Completed', 'Delivery'),
	(1591, 241, '2018-11-01', '2018-11-19', 'Completed', 'Pickup'),
	(1592, 340, '2018-11-02', '2018-11-23', 'Completed', 'Pickup'),
	(1593, 116, '2018-11-02', '2018-11-21', 'Completed', 'Pickup'),
	(1594, 103, '2018-11-03', '2018-11-17', 'Completed', 'Pickup'),
	(1595, 160, '2018-11-03', '2018-11-08', 'Completed', 'Pickup'),
	(1596, 206, '2018-11-03', '2018-11-12', 'Completed', 'Pickup'),
	(1597, 377, '2018-11-03', '2018-11-21', 'Completed', 'Pickup'),
	(1598, 207, '2018-11-04', '2018-11-19', 'Completed', 'Delivery'),
	(1599, 362, '2018-11-04', '2018-11-07', 'Completed', 'Delivery'),
	(1600, 282, '2018-11-04', '2018-11-07', 'Completed', 'Pickup'),
	(1601, 377, '2018-11-04', '2018-11-10', 'Completed', 'Pickup'),
	(1602, 192, '2018-11-04', '2018-11-11', 'Completed', 'Pickup'),
	(1603, 279, '2018-11-05', '2018-11-26', 'Completed', 'Pickup'),
	(1604, 189, '2018-11-06', '2018-11-17', 'Completed', 'Pickup'),
	(1605, 108, '2018-11-06', '2018-11-09', 'Completed', 'Pickup'),
	(1606, 251, '2018-11-06', '2018-11-17', 'Completed', 'Pickup'),
	(1607, 394, '2018-11-06', '2018-11-15', 'Completed', 'Pickup'),
	(1608, 234, '2018-11-06', '2018-11-15', 'Completed', 'Pickup'),
	(1609, 286, '2018-11-07', '2018-11-19', 'Completed', 'Pickup'),
	(1610, 310, '2018-11-08', '2018-11-20', 'Completed', 'Pickup'),
	(1611, 112, '2018-11-08', '2018-11-26', 'Completed', 'Pickup'),
	(1612, 325, '2018-11-08', '2018-11-14', 'Completed', 'Pickup'),
	(1613, 244, '2018-11-08', '2018-11-13', 'Completed', 'Pickup'),
	(1614, 143, '2018-11-10', '2018-12-01', 'Completed', 'Pickup'),
	(1615, 211, '2018-11-11', '2018-11-29', 'Completed', 'Delivery'),
	(1616, 152, '2018-11-11', '2018-11-28', 'Completed', 'Pickup'),
	(1617, 208, '2018-11-11', '2018-11-16', 'Completed', 'Delivery'),
	(1618, 279, '2018-11-12', '2018-11-23', 'Completed', 'Pickup'),
	(1619, 140, '2018-11-12', '2018-11-27', 'Completed', 'Pickup'),
	(1620, 376, '2018-11-12', '2018-11-16', 'Completed', 'Pickup'),
	(1621, 119, '2018-11-12', '2018-11-23', 'Completed', 'Pickup'),
	(1622, 236, '2018-11-13', '2018-12-02', 'Completed', 'Delivery'),
	(1623, 143, '2018-11-14', '2018-12-05', 'Completed', 'Pickup'),
	(1624, 390, '2018-11-14', '2018-11-26', 'Completed', 'Pickup'),
	(1625, 204, '2018-11-14', '2018-11-18', 'Completed', 'Pickup'),
	(1626, 135, '2018-11-14', '2018-11-29', 'Completed', 'Pickup'),
	(1627, 182, '2018-11-15', '2018-11-25', 'Completed', 'Pickup'),
	(1628, 134, '2018-11-16', '2018-11-23', 'Completed', 'Pickup'),
	(1629, 134, '2018-11-16', '2018-11-19', 'Completed', 'Pickup'),
	(1630, 145, '2018-11-16', '2018-12-01', 'Completed', 'Pickup'),
	(1631, 391, '2018-11-16', '2018-11-23', 'Completed', 'Delivery'),
	(1632, 328, '2018-11-16', '2018-11-22', 'Completed', 'Pickup'),
	(1633, 165, '2018-11-17', '2018-12-01', 'Completed', 'Pickup'),
	(1634, 373, '2018-11-17', '2018-11-19', 'Completed', 'Pickup'),
	(1635, 151, '2018-11-18', '2018-12-01', 'Completed', 'Pickup'),
	(1636, 333, '2018-11-18', '2018-11-27', 'Completed', 'Pickup'),
	(1637, 297, '2018-11-18', '2018-11-24', 'Completed', 'Delivery'),
	(1638, 279, '2018-11-18', '2018-12-01', 'Completed', 'Delivery'),
	(1639, 105, '2018-11-18', '2018-11-28', 'Completed', 'Pickup'),
	(1640, 317, '2018-11-19', '2018-11-24', 'Completed', 'Delivery'),
	(1641, 257, '2018-11-19', '2018-11-26', 'Completed', 'Pickup'),
	(1642, 203, '2018-11-19', '2018-11-21', 'Completed', 'Pickup'),
	(1643, 374, '2018-11-20', '2018-11-24', 'Completed', 'Pickup'),
	(1644, 158, '2018-11-20', '2018-11-28', 'Completed', 'Delivery'),
	(1645, 105, '2018-11-20', '2018-12-04', 'Completed', 'Pickup'),
	(1646, 333, '2018-11-21', '2018-12-12', 'Completed', 'Pickup'),
	(1647, 140, '2018-11-21', '2018-11-28', 'Completed', 'Delivery'),
	(1648, 124, '2018-11-21', '2018-11-30', 'Completed', 'Pickup'),
	(1649, 353, '2018-11-22', '2018-11-24', 'Completed', 'Pickup'),
	(1650, 252, '2018-11-22', '2018-12-06', 'Completed', 'Pickup'),
	(1651, 112, '2018-11-22', '2018-12-10', 'Completed', 'Pickup'),
	(1652, 391, '2018-11-23', '2018-12-12', 'Completed', 'Pickup'),
	(1653, 174, '2018-11-24', '2018-12-14', 'Completed', 'Pickup'),
	(1654, 277, '2018-11-24', '2018-11-30', 'Completed', 'Pickup'),
	(1655, 222, '2018-11-24', '2018-12-01', 'Completed', 'Delivery'),
	(1656, 382, '2018-11-24', '2018-12-01', 'Completed', 'Delivery'),
	(1657, 372, '2018-11-24', '2018-11-26', 'Completed', 'Delivery'),
	(1658, 213, '2018-11-25', '2018-11-29', 'Completed', 'Delivery'),
	(1659, 151, '2018-11-26', '2018-12-15', 'Completed', 'Pickup'),
	(1660, 161, '2018-11-26', '2018-12-13', 'Completed', 'Pickup'),
	(1661, 277, '2018-11-26', '2018-11-28', 'Completed', 'Pickup'),
	(1662, 307, '2018-11-27', '2018-11-29', 'Completed', 'Pickup'),
	(1663, 104, '2018-11-27', '2018-12-08', 'Completed', 'Pickup'),
	(1664, 198, '2018-11-27', '2018-12-14', 'Completed', 'Pickup'),
	(1665, 173, '2018-11-28', '2018-12-02', 'Completed', 'Delivery'),
	(1666, 390, '2018-11-28', '2018-12-14', 'Completed', 'Pickup'),
	(1667, 294, '2018-11-30', '2018-12-06', 'Completed', 'Pickup'),
	(1668, 294, '2018-12-02', '2018-12-20', 'Completed', 'Pickup'),
	(1669, 267, '2018-12-02', '2018-12-17', 'Completed', 'Pickup'),
	(1670, 216, '2018-12-02', '2018-12-15', 'Completed', 'Pickup'),
	(1671, 115, '2018-12-02', '2018-12-23', 'Completed', 'Delivery'),
	(1672, 239, '2018-12-02', '2018-12-09', 'Completed', 'Pickup'),
	(1673, 370, '2018-12-03', '2018-12-11', 'Completed', 'Pickup'),
	(1674, 135, '2018-12-03', '2018-12-15', 'Completed', 'Pickup'),
	(1675, 239, '2018-12-03', '2018-12-09', 'Completed', 'Pickup'),
	(1676, 280, '2018-12-05', '2018-12-16', 'Completed', 'Pickup'),
	(1677, 289, '2018-12-05', '2018-12-15', 'Completed', 'Pickup'),
	(1678, 272, '2018-12-05', '2018-12-16', 'Completed', 'Pickup'),
	(1679, 177, '2018-12-06', '2018-12-27', 'Completed', 'Pickup'),
	(1680, 140, '2018-12-06', '2018-12-08', 'Completed', 'Pickup'),
	(1681, 328, '2018-12-06', '2018-12-16', 'Completed', 'Delivery'),
	(1682, 153, '2018-12-06', '2018-12-27', 'Completed', 'Pickup'),
	(1683, 101, '2018-12-06', '2018-12-12', 'Completed', 'Pickup'),
	(1684, 394, '2018-12-07', '2018-12-25', 'Completed', 'Delivery'),
	(1685, 210, '2018-12-07', '2018-12-27', 'Completed', 'Pickup'),
	(1686, 190, '2018-12-07', '2018-12-28', 'Completed', 'Delivery'),
	(1687, 384, '2018-12-08', '2018-12-10', 'Completed', 'Delivery'),
	(1688, 226, '2018-12-09', '2018-12-14', 'Completed', 'Delivery'),
	(1689, 218, '2018-12-10', '2018-12-13', 'Completed', 'Pickup'),
	(1690, 383, '2018-12-11', '2018-12-26', 'Completed', 'Pickup'),
	(1691, 348, '2018-12-11', '2018-12-28', 'Completed', 'Pickup'),
	(1692, 349, '2018-12-11', '2018-12-14', 'Completed', 'Pickup'),
	(1693, 319, '2018-12-11', '2018-12-26', 'Completed', 'Pickup'),
	(1694, 206, '2018-12-11', '2018-12-23', 'Completed', 'Pickup'),
	(1695, 233, '2018-12-12', '2018-12-27', 'Completed', 'Pickup'),
	(1696, 331, '2018-12-12', '2018-12-22', 'Completed', 'Delivery'),
	(1697, 319, '2018-12-12', '2018-12-29', 'Completed', 'Pickup'),
	(1698, 118, '2018-12-12', '2018-12-21', 'Completed', 'Delivery'),
	(1699, 240, '2018-12-13', '2018-12-15', 'Completed', 'Delivery'),
	(1700, 361, '2018-12-13', '2019-01-02', 'Completed', 'Pickup'),
	(1701, 360, '2018-12-13', '2018-12-28', 'Completed', 'Pickup'),
	(1702, 299, '2018-12-13', '2019-01-02', 'Completed', 'Delivery'),
	(1703, 362, '2018-12-13', '2018-12-22', 'Completed', 'Pickup'),
	(1704, 216, '2018-12-15', '2019-01-03', 'Completed', 'Pickup'),
	(1705, 360, '2018-12-15', '2018-12-23', 'Completed', 'Pickup'),
	(1706, 230, '2018-12-15', '2018-12-26', 'Completed', 'Pickup'),
	(1707, 369, '2018-12-17', '2018-12-29', 'Completed', 'Pickup'),
	(1708, 317, '2018-12-17', '2019-01-03', 'Completed', 'Delivery'),
	(1709, 271, '2018-12-17', '2018-12-31', 'Completed', 'Pickup'),
	(1710, 107, '2018-12-17', '2019-01-05', 'Completed', 'Pickup'),
	(1711, 394, '2018-12-19', '2018-12-22', 'Completed', 'Pickup'),
	(1712, 233, '2018-12-19', '2018-12-30', 'Completed', 'Pickup'),
	(1713, 198, '2018-12-19', '2019-01-07', 'Completed', 'Pickup'),
	(1714, 192, '2018-12-20', '2019-01-06', 'Completed', 'Pickup'),
	(1715, 216, '2018-12-20', '2018-12-30', 'Completed', 'Pickup'),
	(1716, 369, '2018-12-21', '2018-12-26', 'Completed', 'Pickup'),
	(1717, 353, '2018-12-21', '2019-01-05', 'Completed', 'Pickup'),
	(1718, 192, '2018-12-21', '2019-01-06', 'Completed', 'Pickup'),
	(1719, 382, '2018-12-21', '2019-01-07', 'Completed', 'Pickup'),
	(1720, 334, '2018-12-21', '2018-12-24', 'Completed', 'Pickup'),
	(1721, 383, '2018-12-22', '2018-12-27', 'Completed', 'Pickup'),
	(1722, 360, '2018-12-22', '2019-01-11', 'Completed', 'Delivery'),
	(1723, 242, '2018-12-22', '2019-01-03', 'Completed', 'Pickup'),
	(1724, 385, '2018-12-22', '2019-01-03', 'Completed', 'Delivery'),
	(1725, 359, '2018-12-22', '2019-01-03', 'Completed', 'Delivery'),
	(1726, 324, '2018-12-26', '2019-01-04', 'Completed', 'Delivery'),
	(1727, 122, '2018-12-26', '2019-01-05', 'Completed', 'Pickup'),
	(1728, 288, '2018-12-26', '2019-01-03', 'Completed', 'Delivery'),
	(1729, 328, '2018-12-26', '2019-01-13', 'Completed', 'Pickup'),
	(1730, 357, '2018-12-27', '2019-01-03', 'Completed', 'Pickup'),
	(1731, 240, '2018-12-28', '2018-12-31', 'Completed', 'Pickup'),
	(1732, 283, '2018-12-28', '2019-01-03', 'Completed', 'Pickup'),
	(1733, 173, '2018-12-28', '2019-01-10', 'Completed', 'Delivery'),
	(1734, 330, '2018-12-28', '2019-01-16', 'Completed', 'Pickup'),
	(1735, 157, '2018-12-29', '2019-01-09', 'Completed', 'Delivery'),
	(1736, 152, '2018-12-29', '2019-01-07', 'Completed', 'Delivery'),
	(1737, 233, '2018-12-29', '2019-01-13', 'Completed', 'Pickup'),
	(1738, 111, '2018-12-29', '2019-01-18', 'Completed', 'Pickup'),
	(1739, 242, '2018-12-29', '2019-01-07', 'Completed', 'Pickup'),
	(1740, 251, '2018-12-30', '2019-01-13', 'Completed', 'Pickup'),
	(1741, 208, '2018-12-30', '2019-01-03', 'Completed', 'Pickup'),
	(1742, 225, '2018-12-30', '2019-01-16', 'Completed', 'Pickup'),
	(1743, 301, '2018-12-30', '2019-01-19', 'Completed', 'Pickup'),
	(1744, 222, '2019-01-01', '2019-01-19', 'Completed', 'Delivery'),
	(1745, 375, '2019-01-02', '2019-01-07', 'Completed', 'Pickup'),
	(1746, 171, '2019-01-02', '2019-01-20', 'Completed', 'Delivery'),
	(1747, 157, '2019-01-02', '2019-01-08', 'Completed', 'Pickup'),
	(1748, 126, '2019-01-02', '2019-01-22', 'Completed', 'Pickup'),
	(1749, 197, '2019-01-02', '2019-01-17', 'Completed', 'Delivery'),
	(1750, 242, '2019-01-03', '2019-01-15', 'Completed', 'Pickup'),
	(1751, 350, '2019-01-03', '2019-01-05', 'Completed', 'Pickup'),
	(1752, 389, '2019-01-05', '2019-01-07', 'Completed', 'Delivery'),
	(1753, 333, '2019-01-05', '2019-01-07', 'Completed', 'Pickup'),
	(1754, 341, '2019-01-06', '2019-01-18', 'Completed', 'Pickup'),
	(1755, 393, '2019-01-06', '2019-01-15', 'Completed', 'Pickup'),
	(1756, 392, '2019-01-06', '2019-01-12', 'Completed', 'Delivery'),
	(1757, 341, '2019-01-06', '2019-01-26', 'Completed', 'Pickup'),
	(1758, 247, '2019-01-06', '2019-01-13', 'Completed', 'Delivery'),
	(1759, 231, '2019-01-07', '2019-01-12', 'Completed', 'Pickup'),
	(1760, 184, '2019-01-07', '2019-01-11', 'Completed', 'Pickup'),
	(1761, 266, '2019-01-07', '2019-01-21', 'Completed', 'Pickup'),
	(1762, 293, '2019-01-08', '2019-01-11', 'Completed', 'Pickup'),
	(1763, 109, '2019-01-08', '2019-01-14', 'Completed', 'Delivery'),
	(1764, 363, '2019-01-08', '2019-01-11', 'Completed', 'Delivery'),
	(1765, 206, '2019-01-08', '2019-01-24', 'Completed', 'Pickup'),
	(1766, 398, '2019-01-09', '2019-01-14', 'Completed', 'Pickup'),
	(1767, 174, '2019-01-09', '2019-01-28', 'Completed', 'Pickup'),
	(1768, 168, '2019-01-09', '2019-01-12', 'Completed', 'Pickup'),
	(1769, 366, '2019-01-09', '2019-01-23', 'Completed', 'Delivery'),
	(1770, 109, '2019-01-11', '2019-01-21', 'Completed', 'Delivery'),
	(1771, 141, '2019-01-11', '2019-01-19', 'Completed', 'Pickup'),
	(1772, 156, '2019-01-11', '2019-01-16', 'Completed', 'Pickup'),
	(1773, 183, '2019-01-11', '2019-01-22', 'Completed', 'Pickup'),
	(1774, 196, '2019-01-13', '2019-01-21', 'Completed', 'Pickup'),
	(1775, 126, '2019-01-14', '2019-01-22', 'Completed', 'Pickup'),
	(1776, 166, '2019-01-14', '2019-01-22', 'Completed', 'Delivery'),
	(1777, 228, '2019-01-14', '2019-01-27', 'Completed', 'Delivery'),
	(1778, 391, '2019-01-15', '2019-01-18', 'Completed', 'Pickup'),
	(1779, 334, '2019-01-15', '2019-01-23', 'Completed', 'Pickup'),
	(1780, 221, '2019-01-15', '2019-01-26', 'Completed', 'Delivery'),
	(1781, 288, '2019-01-15', '2019-02-04', 'Completed', 'Pickup'),
	(1782, 361, '2019-01-15', '2019-01-31', 'Completed', 'Pickup'),
	(1783, 299, '2019-01-16', '2019-01-25', 'Completed', 'Delivery'),
	(1784, 153, '2019-01-16', '2019-01-19', 'Completed', 'Pickup'),
	(1785, 223, '2019-01-16', '2019-01-22', 'Completed', 'Pickup'),
	(1786, 371, '2019-01-16', '2019-01-19', 'Completed', 'Pickup'),
	(1787, 295, '2019-01-17', '2019-02-07', 'Completed', 'Pickup'),
	(1788, 386, '2019-01-18', '2019-02-02', 'Completed', 'Delivery'),
	(1789, 340, '2019-01-19', '2019-01-29', 'Completed', 'Pickup'),
	(1790, 251, '2019-01-19', '2019-02-02', 'Completed', 'Delivery'),
	(1791, 252, '2019-01-19', '2019-01-25', 'Completed', 'Pickup'),
	(1792, 386, '2019-01-19', '2019-02-08', 'Completed', 'Pickup'),
	(1793, 197, '2019-01-19', '2019-02-08', 'Completed', 'Pickup'),
	(1794, 364, '2019-01-20', '2019-01-31', 'Completed', 'Pickup'),
	(1795, 264, '2019-01-20', '2019-02-08', 'Completed', 'Pickup'),
	(1796, 265, '2019-01-21', '2019-02-07', 'Completed', 'Pickup'),
	(1797, 127, '2019-01-21', '2019-01-26', 'Completed', 'Pickup'),
	(1798, 148, '2019-01-21', '2019-01-27', 'Completed', 'Delivery'),
	(1799, 384, '2019-01-22', '2019-01-29', 'Completed', 'Pickup'),
	(1800, 271, '2019-01-22', '2019-01-26', 'Completed', 'Pickup'),
	(1801, 168, '2019-01-22', '2019-02-09', 'Completed', 'Pickup'),
	(1802, 367, '2019-01-22', '2019-01-25', 'Completed', 'Pickup'),
	(1803, 173, '2019-01-23', '2019-01-29', 'Completed', 'Pickup'),
	(1804, 131, '2019-01-24', '2019-02-05', 'Completed', 'Pickup'),
	(1805, 116, '2019-01-24', '2019-01-28', 'Completed', 'Pickup'),
	(1806, 156, '2019-01-24', '2019-01-31', 'Completed', 'Pickup'),
	(1807, 295, '2019-01-25', '2019-01-30', 'Completed', 'Pickup'),
	(1808, 397, '2019-01-25', '2019-01-28', 'Completed', 'Pickup'),
	(1809, 137, '2019-01-25', '2019-02-02', 'Completed', 'Pickup'),
	(1810, 300, '2019-01-26', '2019-02-16', 'Completed', 'Pickup'),
	(1811, 282, '2019-01-26', '2019-02-03', 'Completed', 'Delivery'),
	(1812, 236, '2019-01-26', '2019-02-01', 'Completed', 'Pickup'),
	(1813, 102, '2019-01-26', '2019-01-29', 'Completed', 'Delivery'),
	(1814, 197, '2019-01-26', '2019-02-16', 'Completed', 'Pickup'),
	(1815, 180, '2019-01-27', '2019-02-09', 'Completed', 'Delivery'),
	(1816, 308, '2019-01-27', '2019-01-30', 'Completed', 'Pickup'),
	(1817, 165, '2019-01-27', '2019-02-15', 'Completed', 'Pickup'),
	(1818, 268, '2019-01-27', '2019-02-11', 'Completed', 'Pickup'),
	(1819, 248, '2019-01-27', '2019-02-07', 'Completed', 'Delivery'),
	(1820, 226, '2019-01-29', '2019-02-18', 'Completed', 'Pickup'),
	(1821, 310, '2019-01-29', '2019-02-19', 'Completed', 'Pickup'),
	(1822, 342, '2019-01-29', '2019-02-08', 'Completed', 'Pickup'),
	(1823, 210, '2019-01-29', '2019-02-08', 'Completed', 'Pickup'),
	(1824, 235, '2019-02-01', '2019-02-04', 'Completed', 'Pickup'),
	(1825, 286, '2019-02-03', '2019-02-21', 'Completed', 'Pickup'),
	(1826, 254, '2019-02-03', '2019-02-07', 'Completed', 'Pickup'),
	(1827, 274, '2019-02-03', '2019-02-21', 'Completed', 'Pickup'),
	(1828, 125, '2019-02-03', '2019-02-06', 'Completed', 'Pickup'),
	(1829, 114, '2019-02-04', '2019-02-23', 'Completed', 'Delivery'),
	(1830, 214, '2019-02-04', '2019-02-11', 'Completed', 'Pickup'),
	(1831, 308, '2019-02-05', '2019-02-16', 'Completed', 'Pickup'),
	(1832, 343, '2019-02-06', '2019-02-18', 'Completed', 'Pickup'),
	(1833, 371, '2019-02-07', '2019-02-15', 'Completed', 'Pickup'),
	(1834, 329, '2019-02-07', '2019-02-16', 'Completed', 'Pickup'),
	(1835, 379, '2019-02-07', '2019-02-14', 'Completed', 'Pickup'),
	(1836, 225, '2019-02-08', '2019-02-21', 'Completed', 'Pickup'),
	(1837, 284, '2019-02-08', '2019-02-27', 'Completed', 'Pickup'),
	(1838, 219, '2019-02-09', '2019-02-22', 'Completed', 'Pickup'),
	(1839, 150, '2019-02-09', '2019-02-20', 'Completed', 'Delivery'),
	(1840, 326, '2019-02-10', '2019-02-24', 'Completed', 'Pickup'),
	(1841, 110, '2019-02-10', '2019-02-17', 'Completed', 'Pickup'),
	(1842, 256, '2019-02-10', '2019-02-25', 'Completed', 'Pickup'),
	(1843, 358, '2019-02-10', '2019-02-21', 'Completed', 'Delivery'),
	(1844, 310, '2019-02-12', '2019-02-16', 'Completed', 'Pickup'),
	(1845, 371, '2019-02-13', '2019-03-04', 'Completed', 'Delivery'),
	(1846, 154, '2019-02-13', '2019-03-04', 'Completed', 'Pickup'),
	(1847, 269, '2019-02-14', '2019-02-17', 'Completed', 'Delivery'),
	(1848, 261, '2019-02-14', '2019-02-16', 'Completed', 'Pickup'),
	(1849, 249, '2019-02-15', '2019-02-24', 'Completed', 'Delivery'),
	(1850, 227, '2019-02-15', '2019-02-28', 'Completed', 'Delivery'),
	(1851, 378, '2019-02-15', '2019-03-05', 'Completed', 'Delivery'),
	(1852, 343, '2019-02-15', '2019-02-26', 'Completed', 'Delivery'),
	(1853, 362, '2019-02-15', '2019-03-05', 'Completed', 'Pickup'),
	(1854, 399, '2019-02-16', '2019-03-04', 'Completed', 'Pickup'),
	(1855, 283, '2019-02-17', '2019-02-21', 'Completed', 'Delivery'),
	(1856, 392, '2019-02-18', '2019-02-27', 'Completed', 'Pickup'),
	(1857, 141, '2019-02-19', '2019-02-26', 'Completed', 'Pickup'),
	(1858, 225, '2019-02-20', '2019-02-25', 'Completed', 'Delivery'),
	(1859, 364, '2019-02-20', '2019-03-09', 'Completed', 'Delivery'),
	(1860, 139, '2019-02-20', '2019-03-10', 'Completed', 'Pickup'),
	(1861, 372, '2019-02-20', '2019-03-09', 'Completed', 'Pickup'),
	(1862, 335, '2019-02-21', '2019-03-01', 'Completed', 'Pickup'),
	(1863, 190, '2019-02-21', '2019-03-09', 'Completed', 'Pickup'),
	(1864, 106, '2019-02-21', '2019-03-14', 'Completed', 'Pickup'),
	(1865, 184, '2019-02-22', '2019-03-04', 'Completed', 'Pickup'),
	(1866, 293, '2019-02-22', '2019-02-25', 'Completed', 'Pickup'),
	(1867, 254, '2019-02-22', '2019-03-10', 'Completed', 'Delivery'),
	(1868, 241, '2019-02-23', '2019-03-05', 'Completed', 'Pickup'),
	(1869, 319, '2019-02-24', '2019-03-01', 'Completed', 'Pickup'),
	(1870, 248, '2019-02-25', '2019-03-13', 'Completed', 'Delivery'),
	(1871, 346, '2019-02-25', '2019-03-02', 'Completed', 'Delivery'),
	(1872, 183, '2019-02-25', '2019-03-05', 'Completed', 'Pickup'),
	(1873, 194, '2019-02-26', '2019-03-10', 'Completed', 'Pickup'),
	(1874, 153, '2019-02-26', '2019-03-15', 'Completed', 'Pickup'),
	(1875, 213, '2019-02-26', '2019-03-14', 'Completed', 'Delivery'),
	(1876, 318, '2019-02-26', '2019-03-10', 'Completed', 'Delivery'),
	(1877, 180, '2019-02-26', '2019-03-16', 'Completed', 'Pickup'),
	(1878, 150, '2019-02-27', '2019-03-14', 'Completed', 'Pickup'),
	(1879, 218, '2019-02-28', '2019-03-14', 'Completed', 'Pickup'),
	(1880, 261, '2019-02-28', '2019-03-04', 'Completed', 'Pickup'),
	(1881, 396, '2019-02-28', '2019-03-21', 'Completed', 'Pickup'),
	(1882, 172, '2019-03-01', '2019-03-20', 'Completed', 'Pickup'),
	(1883, 239, '2019-03-01', '2019-03-10', 'Completed', 'Delivery'),
	(1884, 218, '2019-03-01', '2019-03-20', 'Completed', 'Delivery'),
	(1885, 194, '2019-03-02', '2019-03-12', 'Completed', 'Pickup'),
	(1886, 316, '2019-03-02', '2019-03-20', 'Completed', 'Delivery'),
	(1887, 333, '2019-03-02', '2019-03-11', 'Completed', 'Pickup'),
	(1888, 382, '2019-03-02', '2019-03-05', 'Completed', 'Pickup'),
	(1889, 232, '2019-03-02', '2019-03-13', 'Completed', 'Delivery'),
	(1890, 240, '2019-03-03', '2019-03-17', 'Completed', 'Pickup'),
	(1891, 334, '2019-03-03', '2019-03-20', 'Completed', 'Pickup'),
	(1892, 365, '2019-03-03', '2019-03-19', 'Completed', 'Pickup'),
	(1893, 162, '2019-03-04', '2019-03-07', 'Completed', 'Pickup'),
	(1894, 378, '2019-03-04', '2019-03-12', 'Completed', 'Pickup'),
	(1895, 243, '2019-03-04', '2019-03-21', 'Completed', 'Pickup'),
	(1896, 384, '2019-03-04', '2019-03-10', 'Completed', 'Pickup'),
	(1897, 358, '2019-03-05', '2019-03-12', 'Completed', 'Pickup'),
	(1898, 255, '2019-03-05', '2019-03-20', 'Completed', 'Delivery'),
	(1899, 118, '2019-03-05', '2019-03-11', 'Completed', 'Pickup'),
	(1900, 236, '2019-03-06', '2019-03-26', 'Completed', 'Pickup'),
	(1901, 336, '2019-03-06', '2019-03-16', 'Completed', 'Pickup'),
	(1902, 253, '2019-03-06', '2019-03-23', 'Completed', 'Delivery'),
	(1903, 341, '2019-03-08', '2019-03-21', 'Completed', 'Pickup'),
	(1904, 244, '2019-03-08', '2019-03-17', 'Completed', 'Pickup'),
	(1905, 140, '2019-03-10', '2019-03-14', 'Completed', 'Delivery'),
	(1906, 374, '2019-03-10', '2019-03-12', 'Completed', 'Pickup'),
	(1907, 174, '2019-03-10', '2019-03-29', 'Completed', 'Delivery'),
	(1908, 245, '2019-03-10', '2019-03-29', 'Completed', 'Pickup'),
	(1909, 117, '2019-03-10', '2019-03-18', 'Completed', 'Pickup'),
	(1910, 148, '2019-03-11', '2019-03-23', 'Completed', 'Pickup'),
	(1911, 324, '2019-03-11', '2019-03-21', 'Completed', 'Pickup'),
	(1912, 117, '2019-03-11', '2019-03-17', 'Completed', 'Pickup'),
	(1913, 207, '2019-03-11', '2019-03-22', 'Completed', 'Pickup'),
	(1914, 146, '2019-03-12', '2019-03-22', 'Completed', 'Pickup'),
	(1915, 272, '2019-03-12', '2019-04-02', 'Completed', 'Delivery'),
	(1916, 355, '2019-03-13', '2019-03-31', 'Completed', 'Delivery'),
	(1917, 157, '2019-03-13', '2019-03-23', 'Completed', 'Pickup'),
	(1918, 193, '2019-03-14', '2019-04-03', 'Completed', 'Pickup'),
	(1919, 386, '2019-03-14', '2019-04-02', 'Completed', 'Pickup'),
	(1920, 178, '2019-03-14', '2019-03-25', 'Completed', 'Pickup'),
	(1921, 289, '2019-03-15', '2019-03-28', 'Completed', 'Pickup'),
	(1922, 318, '2019-03-15', '2019-03-28', 'Completed', 'Pickup'),
	(1923, 217, '2019-03-15', '2019-03-31', 'Completed', 'Delivery'),
	(1924, 324, '2019-03-16', '2019-03-26', 'Completed', 'Pickup'),
	(1925, 192, '2019-03-17', '2019-03-19', 'Completed', 'Pickup'),
	(1926, 393, '2019-03-17', '2019-03-25', 'Completed', 'Pickup'),
	(1927, 196, '2019-03-17', '2019-03-21', 'Completed', 'Pickup'),
	(1928, 357, '2019-03-18', '2019-03-28', 'Completed', 'Pickup'),
	(1929, 245, '2019-03-18', '2019-04-07', 'Completed', 'Delivery'),
	(1930, 304, '2019-03-18', '2019-03-21', 'Completed', 'Pickup'),
	(1931, 187, '2019-03-20', '2019-03-22', 'Completed', 'Delivery'),
	(1932, 349, '2019-03-20', '2019-04-02', 'Completed', 'Pickup'),
	(1933, 256, '2019-03-20', '2019-04-08', 'Completed', 'Delivery'),
	(1934, 237, '2019-03-21', '2019-04-03', 'Completed', 'Pickup'),
	(1935, 398, '2019-03-21', '2019-04-09', 'Completed', 'Pickup'),
	(1936, 361, '2019-03-21', '2019-04-05', 'Completed', 'Pickup'),
	(1937, 253, '2019-03-22', '2019-04-02', 'Completed', 'Pickup'),
	(1938, 205, '2019-03-22', '2019-04-10', 'Completed', 'Pickup'),
	(1939, 386, '2019-03-22', '2019-03-28', 'Completed', 'Delivery'),
	(1940, 362, '2019-03-22', '2019-04-02', 'Completed', 'Pickup'),
	(1941, 278, '2019-03-23', '2019-04-04', 'Completed', 'Pickup'),
	(1942, 263, '2019-03-25', '2019-04-12', 'Completed', 'Pickup'),
	(1943, 296, '2019-03-25', '2019-04-12', 'Completed', 'Pickup'),
	(1944, 181, '2019-03-25', '2019-04-05', 'Completed', 'Pickup'),
	(1945, 226, '2019-03-26', '2019-04-05', 'Completed', 'Delivery'),
	(1946, 272, '2019-03-27', '2019-04-14', 'Completed', 'Delivery'),
	(1947, 116, '2019-03-27', '2019-04-16', 'Completed', 'Pickup'),
	(1948, 296, '2019-03-27', '2019-04-17', 'Completed', 'Pickup'),
	(1949, 263, '2019-03-27', '2019-04-08', 'Completed', 'Pickup'),
	(1950, 352, '2019-03-27', '2019-04-08', 'Completed', 'Pickup'),
	(1951, 202, '2019-03-28', '2019-04-16', 'Completed', 'Pickup'),
	(1952, 201, '2019-03-29', '2019-04-08', 'Completed', 'Pickup'),
	(1953, 139, '2019-03-29', '2019-04-05', 'Completed', 'Pickup'),
	(1954, 237, '2019-03-29', '2019-04-04', 'Completed', 'Pickup'),
	(1955, 131, '2019-03-30', '2019-04-12', 'Completed', 'Pickup'),
	(1956, 176, '2019-03-30', '2019-04-10', 'Completed', 'Delivery'),
	(1957, 215, '2019-03-31', '2019-04-21', 'Completed', 'Delivery'),
	(1958, 278, '2019-04-01', '2019-04-19', 'Completed', 'Delivery'),
	(1959, 382, '2019-04-01', '2019-04-07', 'Completed', 'Pickup'),
	(1960, 313, '2019-04-01', '2019-04-11', 'Completed', 'Pickup'),
	(1961, 322, '2019-04-01', '2019-04-10', 'Completed', 'Delivery'),
	(1962, 225, '2019-04-01', '2019-04-03', 'Completed', 'Pickup'),
	(1963, 174, '2019-04-03', '2019-04-11', 'Completed', 'Pickup'),
	(1964, 135, '2019-04-04', '2019-04-11', 'Completed', 'Pickup'),
	(1965, 168, '2019-04-05', '2019-04-17', 'Completed', 'Pickup'),
	(1966, 358, '2019-04-07', '2019-04-23', 'Completed', 'Pickup'),
	(1967, 388, '2019-04-07', '2019-04-21', 'Completed', 'Delivery'),
	(1968, 185, '2019-04-07', '2019-04-21', 'Completed', 'Pickup'),
	(1969, 270, '2019-04-07', '2019-04-27', 'Completed', 'Pickup'),
	(1970, 166, '2019-04-08', '2019-04-29', 'Completed', 'Pickup'),
	(1971, 400, '2019-04-08', '2019-04-22', 'Completed', 'Pickup'),
	(1972, 255, '2019-04-08', '2019-04-10', 'Completed', 'Pickup'),
	(1973, 343, '2019-04-09', '2019-04-29', 'Completed', 'Delivery'),
	(1974, 279, '2019-04-09', '2019-04-25', 'Completed', 'Pickup'),
	(1975, 316, '2019-04-09', '2019-04-28', 'Completed', 'Pickup'),
	(1976, 331, '2019-04-09', '2019-04-15', 'Completed', 'Pickup'),
	(1977, 188, '2019-04-09', '2019-04-25', 'Completed', 'Pickup'),
	(1978, 206, '2019-04-10', '2019-04-24', 'Completed', 'Pickup'),
	(1979, 365, '2019-04-12', '2019-04-16', 'Completed', 'Pickup'),
	(1980, 114, '2019-04-12', '2019-04-30', 'Completed', 'Pickup'),
	(1981, 297, '2019-04-12', '2019-04-16', 'Completed', 'Pickup'),
	(1982, 366, '2019-04-13', '2019-04-28', 'Completed', 'Pickup'),
	(1983, 258, '2019-04-13', '2019-04-23', 'Completed', 'Delivery'),
	(1984, 270, '2019-04-13', '2019-04-27', 'Completed', 'Pickup'),
	(1985, 119, '2019-04-13', '2019-04-29', 'Completed', 'Pickup'),
	(1986, 204, '2019-04-14', '2019-04-22', 'Completed', 'Pickup'),
	(1987, 269, '2019-04-15', '2019-05-02', 'Completed', 'Delivery'),
	(1988, 109, '2019-04-15', '2019-04-18', 'Completed', 'Pickup'),
	(1989, 181, '2019-04-15', '2019-04-27', 'Completed', 'Pickup'),
	(1990, 351, '2019-04-15', '2019-04-18', 'Completed', 'Pickup'),
	(1991, 398, '2019-04-15', '2019-04-17', 'Completed', 'Pickup'),
	(1992, 372, '2019-04-16', '2019-05-06', 'Completed', 'Delivery'),
	(1993, 388, '2019-04-16', '2019-04-25', 'Completed', 'Pickup'),
	(1994, 219, '2019-04-16', '2019-04-20', 'Completed', 'Pickup'),
	(1995, 300, '2019-04-18', '2019-04-23', 'Completed', 'Pickup'),
	(1996, 392, '2019-04-18', '2019-04-30', 'Completed', 'Pickup'),
	(1997, 298, '2019-04-18', '2019-05-01', 'Completed', 'Delivery'),
	(1998, 288, '2019-04-19', '2019-04-27', 'Completed', 'Pickup'),
	(1999, 113, '2019-04-19', '2019-05-03', 'Completed', 'Pickup'),
	(2000, 325, '2019-04-19', '2019-04-28', 'Completed', 'Pickup'),
	(2001, 329, '2019-04-19', '2019-04-29', 'Completed', 'Pickup'),
	(2002, 314, '2019-04-19', '2019-04-22', 'Completed', 'Pickup'),
	(2003, 257, '2019-04-20', '2019-05-09', 'Completed', 'Pickup'),
	(2004, 274, '2019-04-20', '2019-05-02', 'Completed', 'Delivery'),
	(2005, 256, '2019-04-20', '2019-04-27', 'Completed', 'Pickup'),
	(2006, 317, '2019-04-20', '2019-04-29', 'Completed', 'Delivery'),
	(2007, 104, '2019-04-21', '2019-05-11', 'Completed', 'Pickup'),
	(2008, 372, '2019-04-21', '2019-05-05', 'Completed', 'Pickup'),
	(2009, 106, '2019-04-21', '2019-05-06', 'Completed', 'Pickup'),
	(2010, 291, '2019-04-21', '2019-04-23', 'Completed', 'Pickup'),
	(2011, 381, '2019-04-21', '2019-05-04', 'Completed', 'Pickup'),
	(2012, 116, '2019-04-22', '2019-05-07', 'Completed', 'Delivery'),
	(2013, 130, '2019-04-22', '2019-05-06', 'Completed', 'Pickup'),
	(2014, 233, '2019-04-22', '2019-05-01', 'Completed', 'Delivery'),
	(2015, 162, '2019-04-23', '2019-05-12', 'Completed', 'Pickup'),
	(2016, 397, '2019-04-23', '2019-04-27', 'Completed', 'Delivery'),
	(2017, 233, '2019-04-23', '2019-05-11', 'Completed', 'Pickup'),
	(2018, 199, '2019-04-23', '2019-05-08', 'Completed', 'Pickup'),
	(2019, 218, '2019-04-24', '2019-05-12', 'Completed', 'Pickup'),
	(2020, 234, '2019-04-24', '2019-05-15', 'Completed', 'Pickup'),
	(2021, 256, '2019-04-25', '2019-05-16', 'Completed', 'Pickup'),
	(2022, 384, '2019-04-25', '2019-05-11', 'Completed', 'Pickup'),
	(2023, 271, '2019-04-25', '2019-04-30', 'Completed', 'Delivery'),
	(2024, 160, '2019-04-25', '2019-05-06', 'Completed', 'Delivery'),
	(2025, 157, '2019-04-25', '2019-05-14', 'Completed', 'Pickup'),
	(2026, 117, '2019-04-26', '2019-05-03', 'Completed', 'Pickup'),
	(2027, 199, '2019-04-28', '2019-05-02', 'Completed', 'Pickup'),
	(2028, 295, '2019-04-28', '2019-05-08', 'Completed', 'Pickup'),
	(2029, 264, '2019-04-28', '2019-05-16', 'Completed', 'Delivery'),
	(2030, 271, '2019-04-28', '2019-05-02', 'Completed', 'Pickup'),
	(2031, 267, '2019-04-28', '2019-05-17', 'Completed', 'Pickup'),
	(2032, 287, '2019-04-29', '2019-05-10', 'Completed', 'Delivery'),
	(2033, 352, '2019-04-29', '2019-05-01', 'Completed', 'Pickup'),
	(2034, 132, '2019-04-29', '2019-05-16', 'Completed', 'Pickup'),
	(2035, 202, '2019-04-29', '2019-05-20', 'Completed', 'Pickup'),
	(2036, 393, '2019-04-29', '2019-05-10', 'Completed', 'Pickup'),
	(2037, 233, '2019-05-01', '2019-05-04', 'Completed', 'Pickup'),
	(2038, 129, '2019-05-01', '2019-05-08', 'Completed', 'Delivery'),
	(2039, 164, '2019-05-02', '2019-05-22', 'Completed', 'Pickup'),
	(2040, 136, '2019-05-02', '2019-05-05', 'Completed', 'Pickup'),
	(2041, 231, '2019-05-02', '2019-05-06', 'Completed', 'Delivery'),
	(2042, 276, '2019-05-03', '2019-05-14', 'Completed', 'Pickup'),
	(2043, 133, '2019-05-03', '2019-05-23', 'Completed', 'Pickup'),
	(2044, 213, '2019-05-03', '2019-05-11', 'Completed', 'Delivery'),
	(2045, 340, '2019-05-04', '2019-05-16', 'Completed', 'Pickup'),
	(2046, 278, '2019-05-04', '2019-05-20', 'Completed', 'Delivery'),
	(2047, 288, '2019-05-04', '2019-05-11', 'Completed', 'Delivery'),
	(2048, 258, '2019-05-04', '2019-05-13', 'Completed', 'Pickup'),
	(2049, 293, '2019-05-04', '2019-05-16', 'Completed', 'Pickup'),
	(2050, 298, '2019-05-05', '2019-05-17', 'Completed', 'Delivery'),
	(2051, 318, '2019-05-06', '2019-05-20', 'Completed', 'Pickup'),
	(2052, 344, '2019-05-06', '2019-05-19', 'Completed', 'Pickup'),
	(2053, 360, '2019-05-06', '2019-05-19', 'Completed', 'Delivery'),
	(2054, 326, '2019-05-07', '2019-05-20', 'Completed', 'Delivery'),
	(2055, 365, '2019-05-08', '2019-05-12', 'Completed', 'Delivery'),
	(2056, 224, '2019-05-09', '2019-05-25', 'Completed', 'Pickup'),
	(2057, 104, '2019-05-09', '2019-05-24', 'Completed', 'Pickup'),
	(2058, 173, '2019-05-09', '2019-05-14', 'Completed', 'Pickup'),
	(2059, 330, '2019-05-09', '2019-05-16', 'Completed', 'Pickup'),
	(2060, 161, '2019-05-12', '2019-05-25', 'Completed', 'Pickup'),
	(2061, 177, '2019-05-12', '2019-05-22', 'Completed', 'Delivery'),
	(2062, 307, '2019-05-12', '2019-05-14', 'Completed', 'Delivery'),
	(2063, 232, '2019-05-12', '2019-05-16', 'Completed', 'Pickup'),
	(2064, 350, '2019-05-13', '2019-05-30', 'Completed', 'Pickup'),
	(2065, 189, '2019-05-13', '2019-06-01', 'Completed', 'Delivery'),
	(2066, 321, '2019-05-14', '2019-05-29', 'Completed', 'Delivery'),
	(2067, 365, '2019-05-14', '2019-05-18', 'Completed', 'Pickup'),
	(2068, 297, '2019-05-14', '2019-05-29', 'Completed', 'Delivery'),
	(2069, 362, '2019-05-14', '2019-06-02', 'Completed', 'Pickup'),
	(2070, 229, '2019-05-14', '2019-05-31', 'Completed', 'Pickup'),
	(2071, 254, '2019-05-15', '2019-05-31', 'Completed', 'Delivery'),
	(2072, 286, '2019-05-16', '2019-05-21', 'Completed', 'Pickup'),
	(2073, 220, '2019-05-17', '2019-05-27', 'Completed', 'Pickup'),
	(2074, 178, '2019-05-17', '2019-05-25', 'Completed', 'Pickup'),
	(2075, 196, '2019-05-17', '2019-05-27', 'Completed', 'Delivery'),
	(2076, 243, '2019-05-17', '2019-05-24', 'Completed', 'Pickup'),
	(2077, 309, '2019-05-18', '2019-06-07', 'Completed', 'Pickup'),
	(2078, 172, '2019-05-18', '2019-05-31', 'Completed', 'Delivery'),
	(2079, 139, '2019-05-18', '2019-05-27', 'Completed', 'Delivery'),
	(2080, 247, '2019-05-19', '2019-06-08', 'Completed', 'Pickup'),
	(2081, 357, '2019-05-19', '2019-05-30', 'Completed', 'Pickup'),
	(2082, 188, '2019-05-19', '2019-05-26', 'Completed', 'Delivery'),
	(2083, 247, '2019-05-19', '2019-06-09', 'Completed', 'Pickup'),
	(2084, 339, '2019-05-20', '2019-05-30', 'Completed', 'Pickup'),
	(2085, 177, '2019-05-20', '2019-06-05', 'Completed', 'Delivery'),
	(2086, 204, '2019-05-20', '2019-06-05', 'Completed', 'Pickup'),
	(2087, 211, '2019-05-20', '2019-06-04', 'Completed', 'Pickup'),
	(2088, 244, '2019-05-20', '2019-05-22', 'Completed', 'Delivery'),
	(2089, 226, '2019-05-21', '2019-06-04', 'Completed', 'Pickup'),
	(2090, 124, '2019-05-22', '2019-06-02', 'Completed', 'Delivery'),
	(2091, 399, '2019-05-22', '2019-06-10', 'Completed', 'Delivery'),
	(2092, 320, '2019-05-23', '2019-06-03', 'Completed', 'Pickup'),
	(2093, 389, '2019-05-23', '2019-05-31', 'Completed', 'Pickup'),
	(2094, 398, '2019-05-23', '2019-05-30', 'Completed', 'Pickup'),
	(2095, 292, '2019-05-23', '2019-05-26', 'Completed', 'Pickup'),
	(2096, 213, '2019-05-23', '2019-06-01', 'Completed', 'Pickup'),
	(2097, 148, '2019-05-24', '2019-06-01', 'Completed', 'Pickup'),
	(2098, 221, '2019-05-24', '2019-06-13', 'Completed', 'Delivery'),
	(2099, 365, '2019-05-24', '2019-05-28', 'Completed', 'Pickup'),
	(2100, 351, '2019-05-25', '2019-06-02', 'Completed', 'Delivery'),
	(2101, 378, '2019-05-25', '2019-05-29', 'Completed', 'Pickup'),
	(2102, 145, '2019-05-25', '2019-06-07', 'Completed', 'Pickup'),
	(2103, 311, '2019-05-25', '2019-06-02', 'Completed', 'Pickup'),
	(2104, 289, '2019-05-26', '2019-06-16', 'Completed', 'Pickup'),
	(2105, 305, '2019-05-26', '2019-05-30', 'Completed', 'Pickup'),
	(2106, 254, '2019-05-26', '2019-06-03', 'Completed', 'Delivery'),
	(2107, 355, '2019-05-27', '2019-06-12', 'Completed', 'Delivery'),
	(2108, 388, '2019-05-28', '2019-06-09', 'Completed', 'Pickup'),
	(2109, 273, '2019-05-28', '2019-06-01', 'Completed', 'Pickup'),
	(2110, 275, '2019-05-28', '2019-06-18', 'Completed', 'Pickup'),
	(2111, 389, '2019-05-28', '2019-06-05', 'Completed', 'Delivery'),
	(2112, 155, '2019-05-28', '2019-06-17', 'Completed', 'Pickup'),
	(2113, 105, '2019-05-29', '2019-06-04', 'Completed', 'Pickup'),
	(2114, 156, '2019-05-29', '2019-06-12', 'Completed', 'Pickup'),
	(2115, 368, '2019-05-29', '2019-06-13', 'Completed', 'Delivery'),
	(2116, 240, '2019-05-29', '2019-06-17', 'Completed', 'Pickup'),
	(2117, 374, '2019-05-29', '2019-05-31', 'Completed', 'Pickup'),
	(2118, 271, '2019-05-30', '2019-06-12', 'Completed', 'Pickup'),
	(2119, 236, '2019-05-30', '2019-06-10', 'Completed', 'Pickup'),
	(2120, 151, '2019-05-30', '2019-06-01', 'Completed', 'Delivery'),
	(2121, 226, '2019-05-30', '2019-06-20', 'Completed', 'Pickup'),
	(2122, 397, '2019-05-30', '2019-06-17', 'Completed', 'Delivery'),
	(2123, 209, '2019-05-31', '2019-06-11', 'Completed', 'Pickup'),
	(2124, 295, '2019-05-31', '2019-06-05', 'Completed', 'Delivery'),
	(2125, 110, '2019-05-31', '2019-06-10', 'Completed', 'Pickup'),
	(2126, 148, '2019-05-31', '2019-06-20', 'Completed', 'Pickup'),
	(2127, 259, '2019-05-31', '2019-06-05', 'Completed', 'Pickup'),
	(2128, 179, '2019-06-01', '2019-06-19', 'Completed', 'Pickup'),
	(2129, 351, '2019-06-01', '2019-06-15', 'Completed', 'Pickup'),
	(2130, 280, '2019-06-01', '2019-06-21', 'Completed', 'Delivery'),
	(2131, 377, '2019-06-01', '2019-06-21', 'Completed', 'Pickup'),
	(2132, 216, '2019-06-01', '2019-06-05', 'Completed', 'Pickup'),
	(2133, 289, '2019-06-02', '2019-06-10', 'Completed', 'Pickup'),
	(2134, 228, '2019-06-02', '2019-06-12', 'Completed', 'Delivery'),
	(2135, 193, '2019-06-02', '2019-06-16', 'Completed', 'Pickup'),
	(2136, 352, '2019-06-02', '2019-06-14', 'Completed', 'Pickup'),
	(2137, 211, '2019-06-03', '2019-06-18', 'Completed', 'Delivery'),
	(2138, 280, '2019-06-05', '2019-06-08', 'Completed', 'Delivery'),
	(2139, 223, '2019-06-05', '2019-06-26', 'Completed', 'Pickup'),
	(2140, 238, '2019-06-06', '2019-06-12', 'Completed', 'Delivery'),
	(2141, 262, '2019-06-06', '2019-06-19', 'Completed', 'Delivery'),
	(2142, 232, '2019-06-06', '2019-06-08', 'Completed', 'Delivery'),
	(2143, 236, '2019-06-07', '2019-06-17', 'Completed', 'Delivery'),
	(2144, 262, '2019-06-07', '2019-06-13', 'Completed', 'Pickup'),
	(2145, 273, '2019-06-07', '2019-06-16', 'Completed', 'Pickup'),
	(2146, 337, '2019-06-07', '2019-06-24', 'Completed', 'Delivery'),
	(2147, 303, '2019-06-08', '2019-06-25', 'Completed', 'Delivery'),
	(2148, 378, '2019-06-08', '2019-06-22', 'Completed', 'Pickup'),
	(2149, 301, '2019-06-08', '2019-06-13', 'Completed', 'Pickup'),
	(2150, 289, '2019-06-08', '2019-06-23', 'Completed', 'Delivery'),
	(2151, 271, '2019-06-09', '2019-06-22', 'Completed', 'Pickup'),
	(2152, 304, '2019-06-09', '2019-06-30', 'Completed', 'Pickup'),
	(2153, 296, '2019-06-10', '2019-06-27', 'Completed', 'Delivery'),
	(2154, 117, '2019-06-10', '2019-06-29', 'Completed', 'Pickup'),
	(2155, 364, '2019-06-11', '2019-06-13', 'Completed', 'Pickup'),
	(2156, 120, '2019-06-11', '2019-06-30', 'Completed', 'Pickup'),
	(2157, 255, '2019-06-11', '2019-06-23', 'Completed', 'Delivery'),
	(2158, 201, '2019-06-12', '2019-06-17', 'Completed', 'Pickup'),
	(2159, 281, '2019-06-13', '2019-06-17', 'Completed', 'Pickup'),
	(2160, 262, '2019-06-13', '2019-06-22', 'Completed', 'Pickup'),
	(2161, 135, '2019-06-13', '2019-06-17', 'Completed', 'Pickup'),
	(2162, 243, '2019-06-14', '2019-07-05', 'Completed', 'Pickup'),
	(2163, 325, '2019-06-14', '2019-06-27', 'Completed', 'Pickup'),
	(2164, 266, '2019-06-14', '2019-06-25', 'Completed', 'Pickup'),
	(2165, 379, '2019-06-14', '2019-06-30', 'Completed', 'Pickup'),
	(2166, 121, '2019-06-14', '2019-06-29', 'Completed', 'Pickup'),
	(2167, 183, '2019-06-15', '2019-07-05', 'Completed', 'Delivery'),
	(2168, 131, '2019-06-15', '2019-07-06', 'Completed', 'Pickup'),
	(2169, 345, '2019-06-15', '2019-06-23', 'Completed', 'Pickup'),
	(2170, 288, '2019-06-15', '2019-06-26', 'Completed', 'Delivery'),
	(2171, 332, '2019-06-16', '2019-06-18', 'Completed', 'Delivery'),
	(2172, 128, '2019-06-16', '2019-07-04', 'Completed', 'Pickup'),
	(2173, 316, '2019-06-16', '2019-07-04', 'Completed', 'Pickup'),
	(2174, 265, '2019-06-16', '2019-06-21', 'Completed', 'Pickup'),
	(2175, 138, '2019-06-16', '2019-07-04', 'Completed', 'Pickup'),
	(2176, 395, '2019-06-18', '2019-06-28', 'Completed', 'Pickup'),
	(2177, 119, '2019-06-18', '2019-06-27', 'Completed', 'Pickup'),
	(2178, 398, '2019-06-18', '2019-07-05', 'Completed', 'Pickup'),
	(2179, 226, '2019-06-18', '2019-07-05', 'Completed', 'Pickup'),
	(2180, 345, '2019-06-19', '2019-07-09', 'Completed', 'Delivery'),
	(2181, 234, '2019-06-20', '2019-07-04', 'Completed', 'Pickup'),
	(2182, 317, '2019-06-20', '2019-07-06', 'Completed', 'Pickup'),
	(2183, 148, '2019-06-20', '2019-07-11', 'Completed', 'Delivery'),
	(2184, 255, '2019-06-20', '2019-06-22', 'Completed', 'Pickup'),
	(2185, 309, '2019-06-21', '2019-06-29', 'Completed', 'Pickup'),
	(2186, 225, '2019-06-22', '2019-07-06', 'Completed', 'Pickup'),
	(2187, 105, '2019-06-22', '2019-06-26', 'Completed', 'Delivery'),
	(2188, 290, '2019-06-22', '2019-07-07', 'Completed', 'Delivery'),
	(2189, 393, '2019-06-22', '2019-07-10', 'Completed', 'Delivery'),
	(2190, 247, '2019-06-24', '2019-07-10', 'Completed', 'Pickup'),
	(2191, 339, '2019-06-24', '2019-07-12', 'Completed', 'Delivery'),
	(2192, 256, '2019-06-24', '2019-06-27', 'Completed', 'Pickup'),
	(2193, 392, '2019-06-24', '2019-07-09', 'Completed', 'Pickup'),
	(2194, 140, '2019-06-26', '2019-07-16', 'Completed', 'Pickup'),
	(2195, 127, '2019-06-26', '2019-07-13', 'Completed', 'Delivery'),
	(2196, 141, '2019-06-26', '2019-07-13', 'Completed', 'Pickup'),
	(2197, 243, '2019-06-26', '2019-07-08', 'Completed', 'Delivery'),
	(2198, 182, '2019-06-26', '2019-06-29', 'Completed', 'Pickup'),
	(2199, 223, '2019-06-27', '2019-07-14', 'Completed', 'Pickup'),
	(2200, 288, '2019-06-29', '2019-07-06', 'Completed', 'Pickup'),
	(2201, 112, '2019-06-29', '2019-07-17', 'Completed', 'Pickup'),
	(2202, 386, '2019-06-29', '2019-07-05', 'Completed', 'Delivery'),
	(2203, 173, '2019-06-30', '2019-07-06', 'Completed', 'Pickup'),
	(2204, 256, '2019-06-30', '2019-07-12', 'Completed', 'Pickup'),
	(2205, 331, '2019-06-30', '2019-07-15', 'Completed', 'Pickup'),
	(2206, 106, '2019-06-30', '2019-07-09', 'Completed', 'Pickup'),
	(2207, 103, '2019-06-30', '2019-07-17', 'Completed', 'Delivery'),
	(2208, 110, '2019-07-01', '2019-07-08', 'Completed', 'Delivery'),
	(2209, 159, '2019-07-02', '2019-07-11', 'Completed', 'Delivery'),
	(2210, 296, '2019-07-02', '2019-07-05', 'Completed', 'Pickup'),
	(2211, 361, '2019-07-02', '2019-07-21', 'Completed', 'Delivery'),
	(2212, 283, '2019-07-02', '2019-07-11', 'Completed', 'Pickup'),
	(2213, 395, '2019-07-02', '2019-07-17', 'Completed', 'Pickup'),
	(2214, 294, '2019-07-06', '2019-07-19', 'Completed', 'Pickup'),
	(2215, 333, '2019-07-06', '2019-07-24', 'Completed', 'Pickup'),
	(2216, 386, '2019-07-06', '2019-07-23', 'Completed', 'Pickup'),
	(2217, 354, '2019-07-07', '2019-07-28', 'Completed', 'Pickup'),
	(2218, 128, '2019-07-07', '2019-07-28', 'Completed', 'Delivery'),
	(2219, 154, '2019-07-08', '2019-07-14', 'Completed', 'Delivery'),
	(2220, 177, '2019-07-09', '2019-07-18', 'Completed', 'Pickup'),
	(2221, 260, '2019-07-09', '2019-07-11', 'Completed', 'Pickup'),
	(2222, 214, '2019-07-09', '2019-07-16', 'Completed', 'Pickup'),
	(2223, 248, '2019-07-10', '2019-07-18', 'Completed', 'Pickup'),
	(2224, 330, '2019-07-10', '2019-07-13', 'Completed', 'Delivery'),
	(2225, 253, '2019-07-10', '2019-07-20', 'Completed', 'Pickup'),
	(2226, 320, '2019-07-10', '2019-07-15', 'Completed', 'Pickup'),
	(2227, 158, '2019-07-10', '2019-07-25', 'Completed', 'Pickup'),
	(2228, 205, '2019-07-11', '2019-07-26', 'Completed', 'Pickup'),
	(2229, 163, '2019-07-11', '2019-07-20', 'Completed', 'Delivery'),
	(2230, 376, '2019-07-11', '2019-07-30', 'Completed', 'Pickup'),
	(2231, 140, '2019-07-11', '2019-07-24', 'Completed', 'Delivery'),
	(2232, 339, '2019-07-12', '2019-07-15', 'Completed', 'Pickup'),
	(2233, 219, '2019-07-12', '2019-07-24', 'Completed', 'Pickup'),
	(2234, 160, '2019-07-12', '2019-07-28', 'Completed', 'Pickup'),
	(2235, 230, '2019-07-13', '2019-07-30', 'Completed', 'Pickup'),
	(2236, 261, '2019-07-13', '2019-07-18', 'Completed', 'Pickup'),
	(2237, 243, '2019-07-14', '2019-07-29', 'Completed', 'Delivery'),
	(2238, 381, '2019-07-15', '2019-07-29', 'Completed', 'Pickup'),
	(2239, 375, '2019-07-15', '2019-07-21', 'Completed', 'Delivery'),
	(2240, 308, '2019-07-16', '2019-07-20', 'Completed', 'Delivery'),
	(2241, 171, '2019-07-16', '2019-08-03', 'Completed', 'Pickup'),
	(2242, 222, '2019-07-16', '2019-07-25', 'Completed', 'Pickup'),
	(2243, 215, '2019-07-16', '2019-08-05', 'Completed', 'Pickup'),
	(2244, 222, '2019-07-16', '2019-07-29', 'Completed', 'Pickup'),
	(2245, 142, '2019-07-17', '2019-07-19', 'Completed', 'Pickup'),
	(2246, 258, '2019-07-17', '2019-07-29', 'Completed', 'Pickup'),
	(2247, 192, '2019-07-17', '2019-08-07', 'Completed', 'Pickup'),
	(2248, 134, '2019-07-17', '2019-07-27', 'Completed', 'Pickup'),
	(2249, 108, '2019-07-17', '2019-07-23', 'Completed', 'Pickup'),
	(2250, 124, '2019-07-18', '2019-08-04', 'Completed', 'Pickup'),
	(2251, 327, '2019-07-18', '2019-08-01', 'Completed', 'Pickup'),
	(2252, 331, '2019-07-19', '2019-08-07', 'Completed', 'Pickup'),
	(2253, 268, '2019-07-20', '2019-08-01', 'Completed', 'Pickup'),
	(2254, 306, '2019-07-20', '2019-07-28', 'Completed', 'Pickup'),
	(2255, 146, '2019-07-21', '2019-08-11', 'Completed', 'Pickup'),
	(2256, 121, '2019-07-22', '2019-08-08', 'Completed', 'Pickup'),
	(2257, 243, '2019-07-24', '2019-08-03', 'Completed', 'Delivery'),
	(2258, 212, '2019-07-24', '2019-08-08', 'Completed', 'Delivery'),
	(2259, 379, '2019-07-24', '2019-08-11', 'Completed', 'Pickup'),
	(2260, 225, '2019-07-24', '2019-08-07', 'Completed', 'Pickup'),
	(2261, 170, '2019-07-24', '2019-07-31', 'Completed', 'Pickup'),
	(2262, 383, '2019-07-27', '2019-08-07', 'Completed', 'Pickup'),
	(2263, 381, '2019-07-27', '2019-08-15', 'Completed', 'Pickup'),
	(2264, 391, '2019-07-27', '2019-08-14', 'Completed', 'Pickup'),
	(2265, 315, '2019-07-27', '2019-08-09', 'Completed', 'Delivery'),
	(2266, 212, '2019-07-27', '2019-08-07', 'Completed', 'Pickup'),
	(2267, 355, '2019-07-28', '2019-08-15', 'Completed', 'Delivery'),
	(2268, 336, '2019-07-28', '2019-08-05', 'Completed', 'Delivery'),
	(2269, 333, '2019-07-28', '2019-08-12', 'Completed', 'Pickup'),
	(2270, 108, '2019-07-29', '2019-08-11', 'Completed', 'Pickup'),
	(2271, 277, '2019-07-29', '2019-08-04', 'Completed', 'Delivery'),
	(2272, 217, '2019-07-29', '2019-08-07', 'Completed', 'Delivery'),
	(2273, 181, '2019-07-29', '2019-08-03', 'Completed', 'Pickup'),
	(2274, 334, '2019-07-31', '2019-08-18', 'Completed', 'Pickup'),
	(2275, 191, '2019-07-31', '2019-08-04', 'Completed', 'Pickup'),
	(2276, 163, '2019-07-31', '2019-08-03', 'Completed', 'Pickup'),
	(2277, 370, '2019-08-02', '2019-08-18', 'Completed', 'Pickup'),
	(2278, 276, '2019-08-03', '2019-08-11', 'Completed', 'Pickup'),
	(2279, 357, '2019-08-03', '2019-08-11', 'Completed', 'Pickup'),
	(2280, 396, '2019-08-03', '2019-08-14', 'Completed', 'Pickup'),
	(2281, 350, '2019-08-03', '2019-08-23', 'Completed', 'Pickup'),
	(2282, 188, '2019-08-03', '2019-08-23', 'Completed', 'Pickup'),
	(2283, 139, '2019-08-05', '2019-08-09', 'Completed', 'Pickup'),
	(2284, 359, '2019-08-05', '2019-08-17', 'Completed', 'Pickup'),
	(2285, 360, '2019-08-05', '2019-08-21', 'Completed', 'Pickup'),
	(2286, 221, '2019-08-05', '2019-08-18', 'Completed', 'Pickup'),
	(2287, 185, '2019-08-05', '2019-08-23', 'Completed', 'Pickup'),
	(2288, 326, '2019-08-06', '2019-08-12', 'Completed', 'Pickup'),
	(2289, 101, '2019-08-06', '2019-08-25', 'Completed', 'Delivery'),
	(2290, 365, '2019-08-06', '2019-08-27', 'Completed', 'Delivery'),
	(2291, 175, '2019-08-07', '2019-08-26', 'Completed', 'Pickup'),
	(2292, 385, '2019-08-07', '2019-08-12', 'Completed', 'Pickup'),
	(2293, 133, '2019-08-07', '2019-08-12', 'Completed', 'Delivery'),
	(2294, 158, '2019-08-07', '2019-08-21', 'Completed', 'Pickup'),
	(2295, 332, '2019-08-10', '2019-08-19', 'Completed', 'Delivery'),
	(2296, 399, '2019-08-10', '2019-08-27', 'Completed', 'Delivery'),
	(2297, 133, '2019-08-10', '2019-08-26', 'Completed', 'Pickup'),
	(2298, 386, '2019-08-10', '2019-08-26', 'Completed', 'Pickup'),
	(2299, 221, '2019-08-12', '2019-08-19', 'Completed', 'Delivery'),
	(2300, 239, '2019-08-12', '2019-08-27', 'Completed', 'Pickup'),
	(2301, 142, '2019-08-12', '2019-08-16', 'Completed', 'Delivery'),
	(2302, 107, '2019-08-12', '2019-08-20', 'Completed', 'Pickup'),
	(2303, 102, '2019-08-13', '2019-08-15', 'Completed', 'Pickup'),
	(2304, 261, '2019-08-13', '2019-08-20', 'Completed', 'Pickup'),
	(2305, 209, '2019-08-14', '2019-08-26', 'Completed', 'Pickup'),
	(2306, 385, '2019-08-14', '2019-08-22', 'Completed', 'Pickup'),
	(2307, 307, '2019-08-15', '2019-08-30', 'Completed', 'Pickup'),
	(2308, 309, '2019-08-15', '2019-08-26', 'Completed', 'Pickup'),
	(2309, 108, '2019-08-15', '2019-08-26', 'Completed', 'Pickup'),
	(2310, 263, '2019-08-17', '2019-09-01', 'Completed', 'Pickup'),
	(2311, 303, '2019-08-17', '2019-08-28', 'Completed', 'Pickup'),
	(2312, 395, '2019-08-18', '2019-08-28', 'Completed', 'Pickup'),
	(2313, 245, '2019-08-19', '2019-09-05', 'Completed', 'Delivery'),
	(2314, 242, '2019-08-20', '2019-09-10', 'InProcess', 'Pickup'),
	(2315, 236, '2019-08-21', '2019-08-23', 'Completed', 'Pickup'),
	(2316, 183, '2019-08-21', '2019-08-25', 'Completed', 'Pickup'),
	(2317, 152, '2019-08-21', '2019-09-05', 'Completed', 'Pickup'),
	(2318, 289, '2019-08-21', '2019-08-29', 'Completed', 'Pickup'),
	(2319, 389, '2019-08-21', '2019-08-29', 'Completed', 'Pickup'),
	(2320, 110, '2019-08-22', '2019-08-24', 'Completed', 'Pickup'),
	(2321, 345, '2019-08-22', '2019-09-11', 'InProcess', 'Pickup'),
	(2322, 286, '2019-08-22', '2019-08-26', 'Completed', 'Delivery'),
	(2323, 372, '2019-08-23', '2019-09-10', 'InProcess', 'Delivery'),
	(2324, 149, '2019-08-23', '2019-09-09', 'InProcess', 'Pickup'),
	(2325, 341, '2019-08-24', '2019-08-30', 'Completed', 'Pickup'),
	(2326, 399, '2019-08-24', '2019-09-01', 'Completed', 'Delivery'),
	(2327, 181, '2019-08-24', '2019-09-05', 'Completed', 'Pickup'),
	(2328, 301, '2019-08-26', '2019-08-30', 'Completed', 'Delivery'),
	(2329, 210, '2019-08-26', '2019-09-15', 'InProcess', 'Pickup'),
	(2330, 258, '2019-08-26', '2019-09-14', 'InProcess', 'Pickup'),
	(2331, 342, '2019-08-27', '2019-09-04', 'Completed', 'Delivery'),
	(2332, 104, '2019-08-27', '2019-09-11', 'InProcess', 'Pickup'),
	(2333, 132, '2019-08-28', '2019-09-11', 'InProcess', 'Pickup'),
	(2334, 354, '2019-08-28', '2019-09-07', 'InProcess', 'Pickup'),
	(2335, 320, '2019-08-28', '2019-09-02', 'Completed', 'Pickup'),
	(2336, 101, '2019-08-30', '2019-09-04', 'Completed', 'Pickup'),
	(2337, 151, '2019-08-30', '2019-09-18', 'InProcess', 'Pickup'),
	(2338, 321, '2019-08-30', '2019-09-06', 'InProcess', 'Delivery'),
	(2339, 394, '2019-08-30', '2019-09-01', 'Completed', 'Pickup'),
	(2340, 185, '2019-09-01', '2019-09-17', 'InProcess', 'Delivery'),
	(2341, 290, '2019-09-01', '2019-09-22', 'InProcess', 'Delivery'),
	(2342, 147, '2019-09-01', '2019-09-14', 'InProcess', 'Delivery'),
	(2343, 296, '2019-09-01', '2019-09-19', 'InProcess', 'Pickup'),
	(2344, 151, '2019-09-01', '2019-09-17', 'InProcess', 'Pickup'),
	(2345, 225, '2019-09-02', '2019-09-20', 'InProcess', 'Pickup'),
	(2346, 366, '2019-09-04', '2019-09-23', 'InProcess', 'Delivery'),
	(2347, 172, '2019-09-04', '2019-09-20', 'InProcess', 'Pickup'),
	(2348, 302, '2019-09-04', '2019-09-16', 'InProcess', 'Pickup'),
	(2349, 354, '2019-09-04', '2019-09-22', 'InProcess', 'Delivery'),
	(2350, 174, '2019-09-04', '2019-09-07', 'InProcess', 'Delivery'),
	(2351, 142, '2019-09-05', '2019-09-20', 'InProcess', 'Pickup'),
	(2352, 379, '2019-09-05', '2019-09-09', 'InProcess', 'Pickup'),
	(2353, 202, '2019-09-05', '2019-09-11', 'InProcess', 'Delivery'),
	(2354, 293, '2019-09-06', '2019-09-09', 'Ordered', 'Pickup')
;

INSERT ProductOrder
(ProductOrderId, CakeOrderId, ProductId, FlavorIdCake, FlavorIdExterior, ShapeId, ProductOrderExterior, ProductOrderInstructions)
VALUES
	(DEFAULT, 1001, 9, 2, 2, 1, 'None', ''),
	(DEFAULT, 1001, 4, 2, 1, 6, 'Fondant', ''),
	(DEFAULT, 1002, 14, 1, 1, 1, 'None', ''),
	(DEFAULT, 1003, 10, 2, 2, 1, 'None', ''),
	(DEFAULT, 1004, 9, 5, 2, 1, 'None', ''),
	(DEFAULT, 1005, 14, 1, 1, 1, 'None', ''),
	(DEFAULT, 1005, 15, 1, 1, 1, 'None', ''),
	(DEFAULT, 1006, 7, 1, 1, 1, 'None', ''),
	(DEFAULT, 1007, 1, 2, 5, 3, 'Frosting', ''),
	(DEFAULT, 1007, 1, 2, 1, 7, 'Fondant', ''),
	(DEFAULT, 1008, 9, 2, 2, 1, 'None', ''),
	(DEFAULT, 1008, 2, 2, 2, 3, 'Frosting', ''),
	(DEFAULT, 1009, 14, 1, 1, 1, 'None', ''),
	(DEFAULT, 1009, 5, 2, 2, 1, 'None', ''),
	(DEFAULT, 1010, 2, 5, 1, 2, 'Fondant', ''),
	(DEFAULT, 1010, 1, 2, 2, 2, 'Frosting', ''),
	(DEFAULT, 1011, 15, 1, 1, 1, 'None', ''),
	(DEFAULT, 1012, 1, 2, 2, 2, 'Frosting', ''),
	(DEFAULT, 1013, 3, 9, 1, 3, 'Fondant', ''),
	(DEFAULT, 1013, 3, 4, 1, 2, 'Fondant', ''),
	(DEFAULT, 1014, 5, 10, 10, 1, 'None', ''),
	(DEFAULT, 1014, 12, 2, 2, 1, 'None', ''),
	(DEFAULT, 1015, 3, 5, 5, 8, 'Frosting', ''),
	(DEFAULT, 1015, 15, 1, 1, 1, 'None', ''),
	(DEFAULT, 1016, 3, 4, 4, 3, 'Frosting', ''),
	(DEFAULT, 1017, 3, 2, 2, 3, 'Frosting', ''),
	(DEFAULT, 1017, 14, 1, 1, 1, 'None', ''),
	(DEFAULT, 1018, 1, 2, 1, 4, 'Fondant', ''),
	(DEFAULT, 1018, 2, 2, 1, 8, 'Fondant', ''),
	(DEFAULT, 1019, 9, 2, 2, 1, 'None', ''),
	(DEFAULT, 1019, 7, 1, 1, 1, 'None', ''),
	(DEFAULT, 1020, 2, 8, 1, 7, 'Fondant', ''),
	(DEFAULT, 1022, 4, 2, 2, 4, 'Frosting', ''),
	(DEFAULT, 1023, 9, 2, 2, 1, 'None', ''),
	(DEFAULT, 1023, 10, 2, 2, 1, 'None', ''),
	(DEFAULT, 1025, 15, 1, 1, 1, 'None', ''),
	(DEFAULT, 1025, 12, 4, 4, 1, 'None', ''),
	(DEFAULT, 1026, 2, 2, 2, 2, 'Frosting', ''),
	(DEFAULT, 1026, 3, 7, 1, 3, 'Fondant', ''),
	(DEFAULT, 1026, 14, 1, 1, 1, 'None', ''),
	(DEFAULT, 1027, 1, 2, 1, 3, 'Fondant', ''),
	(DEFAULT, 1028, 9, 2, 2, 1, 'None', ''),
	(DEFAULT, 1028, 9, 8, 2, 1, 'None', ''),
	(DEFAULT, 1028, 12, 2, 2, 1, 'None', ''),
	(DEFAULT, 1029, 3, 6, 2, 4, 'Frosting', ''),
	(DEFAULT, 1029, 9, 2, 2, 1, 'None', ''),
	(DEFAULT, 1030, 15, 1, 1, 1, 'None', ''),
	(DEFAULT, 1030, 15, 1, 1, 1, 'None', ''),
	(DEFAULT, 1031, 15, 1, 1, 1, 'None', ''),
	(DEFAULT, 1032, 9, 6, 6, 1, 'None', ''),
	(DEFAULT, 1033, 7, 1, 1, 1, 'None', ''),
	(DEFAULT, 1034, 14, 1, 1, 1, 'None', ''),
	(DEFAULT, 1035, 15, 1, 1, 1, 'None', ''),
	(DEFAULT, 1036, 14, 1, 1, 1, 'None', ''),
	(DEFAULT, 1037, 10, 2, 2, 1, 'None', ''),
	(DEFAULT, 1037, 1, 2, 2, 2, 'Frosting', ''),
	(DEFAULT, 1037, 5, 10, 10, 1, 'None', ''),
	(DEFAULT, 1038, 4, 2, 1, 2, 'Fondant', ''),
	(DEFAULT, 1039, 4, 2, 1, 3, 'Fondant', ''),
	(DEFAULT, 1039, 7, 1, 1, 1, 'None', ''),
	(DEFAULT, 1040, 5, 5, 2, 1, 'None', ''),
	(DEFAULT, 1042, 3, 2, 2, 2, 'Frosting', ''),
	(DEFAULT, 1043, 14, 1, 1, 1, 'None', ''),
	(DEFAULT, 1044, 14, 1, 1, 1, 'None', ''),
	(DEFAULT, 1044, 3, 2, 1, 6, 'Fondant', ''),
	(DEFAULT, 1044, 1, 2, 2, 3, 'Frosting', ''),
	(DEFAULT, 1045, 1, 2, 2, 2, 'Frosting', ''),
	(DEFAULT, 1046, 14, 1, 1, 1, 'None', ''),
	(DEFAULT, 1046, 14, 1, 1, 1, 'None', ''),
	(DEFAULT, 1047, 5, 9, 4, 1, 'None', ''),
	(DEFAULT, 1048, 5, 2, 2, 1, 'None', ''),
	(DEFAULT, 1049, 4, 2, 2, 6, 'Frosting', ''),
	(DEFAULT, 1049, 4, 2, 2, 3, 'Frosting', ''),
	(DEFAULT, 1050, 3, 2, 1, 4, 'Fondant', ''),
	(DEFAULT, 1050, 1, 5, 5, 6, 'Frosting', ''),
	(DEFAULT, 1051, 2, 4, 1, 2, 'Fondant', ''),
	(DEFAULT, 1051, 1, 2, 2, 3, 'Frosting', ''),
	(DEFAULT, 1052, 7, 1, 1, 1, 'None', ''),
	(DEFAULT, 1052, 3, 2, 2, 3, 'Frosting', ''),
	(DEFAULT, 1054, 15, 1, 1, 1, 'None', ''),
	(DEFAULT, 1054, 15, 1, 1, 1, 'None', ''),
	(DEFAULT, 1056, 1, 2, 2, 2, 'Frosting', ''),
	(DEFAULT, 1056, 1, 2, 2, 3, 'Frosting', ''),
	(DEFAULT, 1057, 4, 2, 1, 2, 'Fondant', ''),
	(DEFAULT, 1057, 9, 3, 3, 1, 'None', ''),
	(DEFAULT, 1058, 1, 2, 1, 2, 'Fondant', ''),
	(DEFAULT, 1059, 1, 2, 2, 2, 'Frosting', ''),
	(DEFAULT, 1059, 12, 2, 2, 1, 'None', ''),
	(DEFAULT, 1060, 1, 2, 1, 3, 'Fondant', ''),
	(DEFAULT, 1060, 1, 2, 2, 3, 'Frosting', ''),
	(DEFAULT, 1061, 7, 1, 1, 1, 'None', ''),
	(DEFAULT, 1061, 5, 2, 2, 1, 'None', ''),
	(DEFAULT, 1062, 2, 5, 1, 6, 'Fondant', ''),
	(DEFAULT, 1062, 3, 2, 2, 2, 'Frosting', ''),
	(DEFAULT, 1063, 4, 2, 1, 2, 'Fondant', ''),
	(DEFAULT, 1063, 1, 2, 1, 3, 'Fondant', ''),
	(DEFAULT, 1064, 2, 2, 1, 6, 'Fondant', ''),
	(DEFAULT, 1064, 4, 5, 5, 2, 'Frosting', ''),
	(DEFAULT, 1064, 3, 2, 2, 2, 'Frosting', ''),
	(DEFAULT, 1065, 9, 5, 5, 1, 'None', ''),
	(DEFAULT, 1066, 1, 2, 2, 4, 'Frosting', ''),
	(DEFAULT, 1067, 1, 2, 2, 6, 'Frosting', ''),
	(DEFAULT, 1067, 2, 2, 2, 3, 'Frosting', ''),
	(DEFAULT, 1068, 4, 3, 2, 2, 'Frosting', ''),
	(DEFAULT, 1068, 2, 7, 7, 3, 'Frosting', ''),
	(DEFAULT, 1069, 1, 2, 1, 3, 'Fondant', ''),
	(DEFAULT, 1070, 1, 2, 1, 3, 'Fondant', ''),
	(DEFAULT, 1071, 12, 2, 2, 1, 'None', ''),
	(DEFAULT, 1072, 15, 1, 1, 1, 'None', ''),
	(DEFAULT, 1073, 2, 2, 2, 2, 'Frosting', ''),
	(DEFAULT, 1073, 5, 2, 2, 1, 'None', ''),
	(DEFAULT, 1074, 15, 1, 1, 1, 'None', ''),
	(DEFAULT, 1074, 4, 2, 1, 2, 'Fondant', ''),
	(DEFAULT, 1076, 3, 5, 5, 2, 'Frosting', ''),
	(DEFAULT, 1077, 4, 2, 2, 4, 'Frosting', ''),
	(DEFAULT, 1077, 9, 2, 2, 1, 'None', ''),
	(DEFAULT, 1078, 10, 3, 3, 1, 'None', ''),
	(DEFAULT, 1078, 14, 1, 1, 1, 'None', ''),
	(DEFAULT, 1079, 14, 1, 1, 1, 'None', ''),
	(DEFAULT, 1079, 12, 2, 2, 1, 'None', ''),
	(DEFAULT, 1080, 1, 2, 1, 3, 'Fondant', ''),
	(DEFAULT, 1082, 4, 2, 1, 2, 'Fondant', ''),
	(DEFAULT, 1082, 5, 10, 10, 1, 'None', ''),
	(DEFAULT, 1083, 14, 1, 1, 1, 'None', ''),
	(DEFAULT, 1083, 12, 10, 10, 1, 'None', ''),
	(DEFAULT, 1084, 15, 1, 1, 1, 'None', ''),
	(DEFAULT, 1085, 15, 1, 1, 1, 'None', ''),
	(DEFAULT, 1086, 5, 2, 2, 1, 'None', ''),
	(DEFAULT, 1089, 1, 2, 1, 6, 'Fondant', ''),
	(DEFAULT, 1090, 1, 2, 1, 2, 'Fondant', ''),
	(DEFAULT, 1090, 4, 3, 1, 7, 'Fondant', ''),
	(DEFAULT, 1091, 2, 2, 1, 6, 'Fondant', ''),
	(DEFAULT, 1091, 2, 2, 2, 5, 'Frosting', ''),
	(DEFAULT, 1092, 12, 9, 2, 1, 'None', ''),
	(DEFAULT, 1092, 3, 2, 2, 2, 'Frosting', ''),
	(DEFAULT, 1093, 3, 2, 2, 4, 'Frosting', ''),
	(DEFAULT, 1093, 15, 1, 1, 1, 'None', ''),
	(DEFAULT, 1094, 1, 2, 2, 8, 'Frosting', ''),
	(DEFAULT, 1095, 15, 1, 1, 1, 'None', ''),
	(DEFAULT, 1096, 9, 2, 2, 1, 'None', ''),
	(DEFAULT, 1096, 4, 3, 3, 2, 'Frosting', ''),
	(DEFAULT, 1097, 15, 1, 1, 1, 'None', ''),
	(DEFAULT, 1098, 9, 2, 2, 1, 'None', ''),
	(DEFAULT, 1100, 2, 3, 4, 8, 'Frosting', ''),
	(DEFAULT, 1102, 3, 2, 2, 2, 'Frosting', ''),
	(DEFAULT, 1103, 14, 1, 1, 1, 'None', ''),
	(DEFAULT, 1103, 5, 2, 2, 1, 'None', ''),
	(DEFAULT, 1103, 5, 2, 2, 1, 'None', ''),
	(DEFAULT, 1104, 5, 2, 2, 1, 'None', ''),
	(DEFAULT, 1104, 1, 2, 2, 3, 'Frosting', ''),
	(DEFAULT, 1105, 1, 9, 1, 3, 'Fondant', ''),
	(DEFAULT, 1106, 1, 2, 2, 7, 'Frosting', ''),
	(DEFAULT, 1106, 15, 1, 1, 1, 'None', ''),
	(DEFAULT, 1107, 2, 3, 1, 4, 'Fondant', ''),
	(DEFAULT, 1107, 9, 7, 7, 1, 'None', ''),
	(DEFAULT, 1107, 12, 2, 3, 1, 'None', ''),
	(DEFAULT, 1109, 4, 10, 2, 2, 'Frosting', ''),
	(DEFAULT, 1110, 5, 2, 2, 1, 'None', ''),
	(DEFAULT, 1111, 5, 2, 2, 1, 'None', ''),
	(DEFAULT, 1111, 5, 2, 2, 1, 'None', ''),
	(DEFAULT, 1112, 3, 2, 1, 3, 'Fondant', ''),
	(DEFAULT, 1113, 5, 2, 5, 1, 'None', ''),
	(DEFAULT, 1113, 9, 2, 2, 1, 'None', ''),
	(DEFAULT, 1113, 3, 2, 1, 3, 'Fondant', ''),
	(DEFAULT, 1114, 3, 2, 1, 2, 'Fondant', ''),
	(DEFAULT, 1115, 5, 2, 2, 1, 'None', ''),
	(DEFAULT, 1115, 10, 2, 2, 1, 'None', ''),
	(DEFAULT, 1116, 5, 2, 2, 1, 'None', ''),
	(DEFAULT, 1117, 15, 1, 1, 1, 'None', ''),
	(DEFAULT, 1118, 2, 2, 2, 3, 'Frosting', ''),
	(DEFAULT, 1118, 3, 2, 2, 2, 'Frosting', ''),
	(DEFAULT, 1119, 5, 2, 2, 1, 'None', ''),
	(DEFAULT, 1119, 12, 10, 2, 1, 'None', ''),
	(DEFAULT, 1120, 4, 2, 2, 2, 'Frosting', ''),
	(DEFAULT, 1121, 1, 2, 1, 3, 'Fondant', ''),
	(DEFAULT, 1121, 14, 1, 1, 1, 'None', ''),
	(DEFAULT, 1123, 1, 10, 10, 3, 'Frosting', ''),
	(DEFAULT, 1123, 2, 2, 5, 2, 'Frosting', ''),
	(DEFAULT, 1124, 3, 2, 2, 7, 'Frosting', ''),
	(DEFAULT, 1124, 10, 2, 2, 1, 'None', ''),
	(DEFAULT, 1125, 1, 4, 2, 8, 'Frosting', ''),
	(DEFAULT, 1125, 1, 2, 1, 3, 'Fondant', ''),
	(DEFAULT, 1126, 9, 2, 2, 1, 'None', ''),
	(DEFAULT, 1127, 12, 2, 2, 1, 'None', ''),
	(DEFAULT, 1129, 4, 2, 2, 4, 'Frosting', ''),
	(DEFAULT, 1131, 4, 2, 1, 7, 'Fondant', ''),
	(DEFAULT, 1132, 4, 2, 1, 4, 'Fondant', ''),
	(DEFAULT, 1132, 14, 1, 1, 1, 'None', ''),
	(DEFAULT, 1133, 1, 2, 2, 4, 'Frosting', ''),
	(DEFAULT, 1133, 14, 1, 1, 1, 'None', ''),
	(DEFAULT, 1133, 4, 2, 2, 5, 'Frosting', ''),
	(DEFAULT, 1134, 3, 5, 5, 3, 'Frosting', ''),
	(DEFAULT, 1134, 14, 1, 1, 1, 'None', ''),
	(DEFAULT, 1137, 4, 2, 1, 2, 'Fondant', ''),
	(DEFAULT, 1137, 3, 2, 2, 3, 'Frosting', ''),
	(DEFAULT, 1137, 14, 1, 1, 1, 'None', ''),
	(DEFAULT, 1138, 14, 1, 1, 1, 'None', ''),
	(DEFAULT, 1138, 5, 2, 2, 1, 'None', ''),
	(DEFAULT, 1139, 4, 10, 10, 6, 'Frosting', ''),
	(DEFAULT, 1139, 10, 2, 2, 1, 'None', ''),
	(DEFAULT, 1140, 4, 2, 2, 3, 'Frosting', ''),
	(DEFAULT, 1140, 7, 1, 1, 1, 'None', ''),
	(DEFAULT, 1142, 10, 2, 2, 1, 'None', ''),
	(DEFAULT, 1143, 1, 3, 4, 4, 'Frosting', ''),
	(DEFAULT, 1144, 1, 3, 3, 2, 'Frosting', ''),
	(DEFAULT, 1145, 9, 10, 2, 1, 'None', ''),
	(DEFAULT, 1145, 10, 2, 2, 1, 'None', ''),
	(DEFAULT, 1147, 4, 3, 3, 4, 'Frosting', ''),
	(DEFAULT, 1147, 10, 2, 2, 1, 'None', ''),
	(DEFAULT, 1148, 4, 2, 1, 4, 'Fondant', ''),
	(DEFAULT, 1149, 9, 9, 9, 1, 'None', ''),
	(DEFAULT, 1150, 5, 2, 2, 1, 'None', ''),
	(DEFAULT, 1150, 15, 1, 1, 1, 'None', ''),
	(DEFAULT, 1150, 1, 2, 2, 2, 'Frosting', ''),
	(DEFAULT, 1151, 9, 2, 2, 1, 'None', ''),
	(DEFAULT, 1151, 14, 1, 1, 1, 'None', ''),
	(DEFAULT, 1152, 4, 2, 1, 2, 'Fondant', ''),
	(DEFAULT, 1152, 3, 2, 1, 2, 'Fondant', ''),
	(DEFAULT, 1153, 14, 1, 1, 1, 'None', ''),
	(DEFAULT, 1154, 4, 2, 1, 7, 'Fondant', ''),
	(DEFAULT, 1155, 9, 6, 4, 1, 'None', ''),
	(DEFAULT, 1155, 9, 2, 2, 1, 'None', ''),
	(DEFAULT, 1156, 9, 2, 2, 1, 'None', ''),
	(DEFAULT, 1156, 12, 2, 2, 1, 'None', ''),
	(DEFAULT, 1157, 4, 2, 2, 4, 'Frosting', ''),
	(DEFAULT, 1157, 9, 2, 2, 1, 'None', ''),
	(DEFAULT, 1158, 7, 1, 1, 1, 'None', ''),
	(DEFAULT, 1159, 1, 9, 1, 3, 'Fondant', ''),
	(DEFAULT, 1160, 5, 9, 9, 1, 'None', ''),
	(DEFAULT, 1161, 2, 2, 1, 2, 'Fondant', ''),
	(DEFAULT, 1163, 1, 2, 1, 2, 'Fondant', ''),
	(DEFAULT, 1164, 12, 2, 2, 1, 'None', ''),
	(DEFAULT, 1164, 4, 2, 1, 2, 'Fondant', ''),
	(DEFAULT, 1165, 3, 9, 9, 6, 'Frosting', ''),
	(DEFAULT, 1166, 12, 2, 2, 1, 'None', ''),
	(DEFAULT, 1167, 4, 9, 1, 2, 'Fondant', ''),
	(DEFAULT, 1167, 9, 2, 2, 1, 'None', ''),
	(DEFAULT, 1168, 3, 2, 1, 2, 'Fondant', ''),
	(DEFAULT, 1169, 5, 8, 8, 1, 'None', ''),
	(DEFAULT, 1170, 9, 2, 2, 1, 'None', ''),
	(DEFAULT, 1170, 5, 2, 2, 1, 'None', ''),
	(DEFAULT, 1170, 5, 2, 2, 1, 'None', ''),
	(DEFAULT, 1171, 14, 1, 1, 1, 'None', ''),
	(DEFAULT, 1172, 14, 1, 1, 1, 'None', ''),
	(DEFAULT, 1172, 7, 1, 1, 1, 'None', ''),
	(DEFAULT, 1172, 10, 2, 2, 1, 'None', ''),
	(DEFAULT, 1173, 4, 2, 2, 3, 'Frosting', ''),
	(DEFAULT, 1174, 15, 1, 1, 1, 'None', ''),
	(DEFAULT, 1174, 14, 1, 1, 1, 'None', ''),
	(DEFAULT, 1175, 5, 4, 4, 1, 'None', ''),
	(DEFAULT, 1176, 1, 2, 2, 3, 'Frosting', ''),
	(DEFAULT, 1176, 3, 2, 1, 3, 'Fondant', ''),
	(DEFAULT, 1177, 4, 2, 2, 5, 'Frosting', ''),
	(DEFAULT, 1178, 15, 1, 1, 1, 'None', ''),
	(DEFAULT, 1179, 15, 1, 1, 1, 'None', ''),
	(DEFAULT, 1179, 1, 2, 2, 3, 'Frosting', ''),
	(DEFAULT, 1180, 14, 1, 1, 1, 'None', ''),
	(DEFAULT, 1181, 9, 2, 2, 1, 'None', ''),
	(DEFAULT, 1181, 12, 2, 2, 1, 'None', ''),
	(DEFAULT, 1181, 4, 2, 1, 2, 'Fondant', ''),
	(DEFAULT, 1182, 14, 1, 1, 1, 'None', ''),
	(DEFAULT, 1183, 7, 1, 1, 1, 'None', ''),
	(DEFAULT, 1183, 7, 1, 1, 1, 'None', ''),
	(DEFAULT, 1184, 12, 2, 2, 1, 'None', ''),
	(DEFAULT, 1185, 1, 3, 1, 5, 'Fondant', ''),
	(DEFAULT, 1186, 1, 2, 1, 3, 'Fondant', ''),
	(DEFAULT, 1186, 1, 2, 2, 3, 'Frosting', ''),
	(DEFAULT, 1187, 5, 8, 8, 1, 'None', ''),
	(DEFAULT, 1187, 3, 2, 2, 3, 'Frosting', ''),
	(DEFAULT, 1188, 5, 10, 10, 1, 'None', ''),
	(DEFAULT, 1188, 7, 1, 1, 1, 'None', ''),
	(DEFAULT, 1189, 15, 1, 1, 1, 'None', ''),
	(DEFAULT, 1189, 15, 1, 1, 1, 'None', ''),
	(DEFAULT, 1190, 10, 3, 3, 1, 'None', ''),
	(DEFAULT, 1190, 14, 1, 1, 1, 'None', ''),
	(DEFAULT, 1191, 10, 2, 2, 1, 'None', ''),
	(DEFAULT, 1192, 4, 7, 7, 6, 'Frosting', ''),
	(DEFAULT, 1193, 3, 2, 1, 5, 'Fondant', ''),
	(DEFAULT, 1194, 12, 2, 2, 1, 'None', ''),
	(DEFAULT, 1195, 4, 2, 1, 8, 'Fondant', ''),
	(DEFAULT, 1196, 10, 2, 2, 1, 'None', ''),
	(DEFAULT, 1197, 7, 1, 1, 1, 'None', ''),
	(DEFAULT, 1198, 4, 2, 1, 2, 'Fondant', ''),
	(DEFAULT, 1198, 1, 2, 3, 3, 'Frosting', ''),
	(DEFAULT, 1198, 4, 2, 1, 3, 'Fondant', ''),
	(DEFAULT, 1199, 15, 1, 1, 1, 'None', ''),
	(DEFAULT, 1200, 10, 2, 2, 1, 'None', ''),
	(DEFAULT, 1202, 3, 2, 2, 2, 'Frosting', ''),
	(DEFAULT, 1203, 4, 2, 2, 6, 'Frosting', ''),
	(DEFAULT, 1204, 10, 5, 5, 1, 'None', ''),
	(DEFAULT, 1204, 3, 2, 1, 7, 'Fondant', ''),
	(DEFAULT, 1205, 4, 5, 1, 3, 'Fondant', ''),
	(DEFAULT, 1206, 4, 2, 2, 8, 'Frosting', ''),
	(DEFAULT, 1206, 5, 2, 2, 1, 'None', ''),
	(DEFAULT, 1207, 3, 2, 1, 3, 'Fondant', ''),
	(DEFAULT, 1207, 12, 2, 2, 1, 'None', ''),
	(DEFAULT, 1208, 1, 9, 9, 3, 'Frosting', ''),
	(DEFAULT, 1209, 4, 5, 1, 3, 'Fondant', ''),
	(DEFAULT, 1210, 3, 2, 2, 2, 'Frosting', ''),
	(DEFAULT, 1210, 14, 1, 1, 1, 'None', ''),
	(DEFAULT, 1211, 3, 3, 1, 5, 'Fondant', ''),
	(DEFAULT, 1212, 4, 2, 1, 3, 'Fondant', ''),
	(DEFAULT, 1213, 15, 1, 1, 1, 'None', ''),
	(DEFAULT, 1213, 14, 1, 1, 1, 'None', ''),
	(DEFAULT, 1214, 1, 2, 2, 3, 'Frosting', ''),
	(DEFAULT, 1215, 12, 9, 9, 1, 'None', ''),
	(DEFAULT, 1215, 5, 2, 2, 1, 'None', ''),
	(DEFAULT, 1216, 4, 2, 2, 6, 'Frosting', ''),
	(DEFAULT, 1217, 12, 2, 2, 1, 'None', ''),
	(DEFAULT, 1217, 12, 2, 2, 1, 'None', ''),
	(DEFAULT, 1218, 5, 2, 2, 1, 'None', ''),
	(DEFAULT, 1219, 2, 2, 1, 3, 'Fondant', ''),
	(DEFAULT, 1219, 2, 2, 2, 7, 'Frosting', ''),
	(DEFAULT, 1220, 5, 10, 2, 1, 'None', ''),
	(DEFAULT, 1220, 4, 2, 8, 2, 'Frosting', ''),
	(DEFAULT, 1221, 14, 1, 1, 1, 'None', ''),
	(DEFAULT, 1221, 4, 7, 7, 2, 'Frosting', ''),
	(DEFAULT, 1223, 2, 2, 2, 6, 'Frosting', ''),
	(DEFAULT, 1223, 2, 2, 1, 4, 'Fondant', ''),
	(DEFAULT, 1224, 14, 1, 1, 1, 'None', ''),
	(DEFAULT, 1225, 4, 2, 2, 2, 'Frosting', ''),
	(DEFAULT, 1225, 9, 9, 2, 1, 'None', ''),
	(DEFAULT, 1226, 3, 5, 5, 3, 'Frosting', ''),
	(DEFAULT, 1226, 3, 2, 1, 4, 'Fondant', ''),
	(DEFAULT, 1227, 14, 1, 1, 1, 'None', ''),
	(DEFAULT, 1228, 4, 2, 1, 2, 'Fondant', ''),
	(DEFAULT, 1229, 3, 2, 2, 3, 'Frosting', ''),
	(DEFAULT, 1229, 9, 2, 2, 1, 'None', ''),
	(DEFAULT, 1230, 2, 2, 1, 2, 'Fondant', ''),
	(DEFAULT, 1230, 2, 2, 1, 3, 'Fondant', ''),
	(DEFAULT, 1231, 3, 2, 2, 2, 'Frosting', ''),
	(DEFAULT, 1231, 1, 3, 3, 3, 'Frosting', ''),
	(DEFAULT, 1233, 4, 2, 1, 3, 'Fondant', ''),
	(DEFAULT, 1233, 14, 1, 1, 1, 'None', ''),
	(DEFAULT, 1233, 3, 2, 2, 6, 'Frosting', ''),
	(DEFAULT, 1234, 1, 2, 1, 2, 'Fondant', ''),
	(DEFAULT, 1234, 2, 3, 3, 2, 'Frosting', ''),
	(DEFAULT, 1235, 3, 2, 1, 2, 'Fondant', ''),
	(DEFAULT, 1235, 5, 2, 3, 1, 'None', ''),
	(DEFAULT, 1235, 4, 2, 1, 3, 'Fondant', ''),
	(DEFAULT, 1237, 1, 2, 1, 2, 'Fondant', ''),
	(DEFAULT, 1237, 15, 1, 1, 1, 'None', ''),
	(DEFAULT, 1239, 4, 3, 1, 3, 'Fondant', ''),
	(DEFAULT, 1240, 14, 1, 1, 1, 'None', ''),
	(DEFAULT, 1241, 3, 2, 2, 2, 'Frosting', ''),
	(DEFAULT, 1241, 1, 2, 1, 8, 'Fondant', ''),
	(DEFAULT, 1241, 2, 2, 2, 2, 'Frosting', ''),
	(DEFAULT, 1242, 14, 1, 1, 1, 'None', ''),
	(DEFAULT, 1242, 12, 2, 2, 1, 'None', ''),
	(DEFAULT, 1243, 9, 2, 2, 1, 'None', ''),
	(DEFAULT, 1243, 3, 4, 1, 5, 'Fondant', ''),
	(DEFAULT, 1243, 1, 7, 1, 3, 'Fondant', ''),
	(DEFAULT, 1244, 12, 2, 2, 1, 'None', ''),
	(DEFAULT, 1245, 3, 2, 1, 3, 'Fondant', ''),
	(DEFAULT, 1245, 1, 2, 2, 2, 'Frosting', ''),
	(DEFAULT, 1246, 15, 1, 1, 1, 'None', ''),
	(DEFAULT, 1246, 4, 2, 2, 6, 'Frosting', ''),
	(DEFAULT, 1247, 15, 1, 1, 1, 'None', ''),
	(DEFAULT, 1247, 14, 1, 1, 1, 'None', ''),
	(DEFAULT, 1248, 5, 2, 2, 1, 'None', ''),
	(DEFAULT, 1250, 9, 5, 5, 1, 'None', ''),
	(DEFAULT, 1253, 7, 1, 1, 1, 'None', ''),
	(DEFAULT, 1254, 9, 5, 5, 1, 'None', ''),
	(DEFAULT, 1255, 7, 1, 1, 1, 'None', ''),
	(DEFAULT, 1255, 1, 2, 2, 2, 'Frosting', ''),
	(DEFAULT, 1256, 3, 2, 2, 8, 'Frosting', ''),
	(DEFAULT, 1256, 4, 7, 7, 3, 'Frosting', ''),
	(DEFAULT, 1257, 9, 2, 2, 1, 'None', ''),
	(DEFAULT, 1258, 14, 1, 1, 1, 'None', ''),
	(DEFAULT, 1258, 15, 1, 1, 1, 'None', ''),
	(DEFAULT, 1259, 12, 2, 2, 1, 'None', ''),
	(DEFAULT, 1260, 15, 1, 1, 1, 'None', ''),
	(DEFAULT, 1260, 3, 9, 9, 6, 'Frosting', ''),
	(DEFAULT, 1261, 5, 2, 2, 1, 'None', ''),
	(DEFAULT, 1261, 7, 1, 1, 1, 'None', ''),
	(DEFAULT, 1262, 9, 5, 5, 1, 'None', ''),
	(DEFAULT, 1262, 3, 5, 5, 4, 'Frosting', ''),
	(DEFAULT, 1262, 9, 3, 3, 1, 'None', ''),
	(DEFAULT, 1263, 9, 2, 2, 1, 'None', ''),
	(DEFAULT, 1263, 1, 2, 2, 3, 'Frosting', ''),
	(DEFAULT, 1264, 9, 2, 2, 1, 'None', ''),
	(DEFAULT, 1264, 4, 2, 2, 2, 'Frosting', ''),
	(DEFAULT, 1264, 15, 1, 1, 1, 'None', ''),
	(DEFAULT, 1265, 7, 1, 1, 1, 'None', ''),
	(DEFAULT, 1266, 9, 5, 5, 1, 'None', ''),
	(DEFAULT, 1266, 9, 2, 2, 1, 'None', ''),
	(DEFAULT, 1267, 14, 1, 1, 1, 'None', ''),
	(DEFAULT, 1267, 5, 3, 3, 1, 'None', ''),
	(DEFAULT, 1268, 2, 2, 2, 5, 'Frosting', ''),
	(DEFAULT, 1269, 9, 2, 2, 1, 'None', ''),
	(DEFAULT, 1270, 9, 2, 2, 1, 'None', ''),
	(DEFAULT, 1270, 4, 9, 1, 2, 'Fondant', ''),
	(DEFAULT, 1271, 3, 2, 2, 3, 'Frosting', ''),
	(DEFAULT, 1271, 15, 1, 1, 1, 'None', ''),
	(DEFAULT, 1272, 10, 6, 6, 1, 'None', ''),
	(DEFAULT, 1273, 5, 2, 2, 1, 'None', ''),
	(DEFAULT, 1273, 12, 4, 2, 1, 'None', ''),
	(DEFAULT, 1275, 9, 2, 2, 1, 'None', ''),
	(DEFAULT, 1275, 5, 2, 2, 1, 'None', ''),
	(DEFAULT, 1275, 14, 1, 1, 1, 'None', ''),
	(DEFAULT, 1276, 9, 2, 2, 1, 'None', ''),
	(DEFAULT, 1277, 1, 3, 1, 3, 'Fondant', ''),
	(DEFAULT, 1277, 4, 2, 1, 8, 'Fondant', ''),
	(DEFAULT, 1278, 9, 5, 5, 1, 'None', ''),
	(DEFAULT, 1279, 3, 2, 2, 3, 'Frosting', ''),
	(DEFAULT, 1280, 9, 2, 2, 1, 'None', ''),
	(DEFAULT, 1281, 4, 4, 4, 4, 'Frosting', ''),
	(DEFAULT, 1281, 4, 10, 10, 6, 'Frosting', ''),
	(DEFAULT, 1281, 3, 2, 2, 7, 'Frosting', ''),
	(DEFAULT, 1283, 14, 1, 1, 1, 'None', ''),
	(DEFAULT, 1284, 3, 2, 2, 6, 'Frosting', ''),
	(DEFAULT, 1285, 3, 3, 1, 4, 'Fondant', ''),
	(DEFAULT, 1286, 9, 2, 2, 1, 'None', ''),
	(DEFAULT, 1286, 9, 2, 2, 1, 'None', ''),
	(DEFAULT, 1287, 9, 2, 2, 1, 'None', ''),
	(DEFAULT, 1287, 5, 7, 7, 1, 'None', ''),
	(DEFAULT, 1288, 14, 1, 1, 1, 'None', ''),
	(DEFAULT, 1289, 1, 2, 1, 3, 'Fondant', ''),
	(DEFAULT, 1289, 4, 2, 1, 6, 'Fondant', ''),
	(DEFAULT, 1290, 3, 2, 1, 2, 'Fondant', ''),
	(DEFAULT, 1290, 15, 1, 1, 1, 'None', ''),
	(DEFAULT, 1291, 12, 3, 3, 1, 'None', ''),
	(DEFAULT, 1291, 1, 3, 1, 8, 'Fondant', ''),
	(DEFAULT, 1291, 3, 3, 3, 3, 'Frosting', ''),
	(DEFAULT, 1292, 3, 2, 1, 2, 'Fondant', ''),
	(DEFAULT, 1293, 2, 2, 2, 4, 'Frosting', ''),
	(DEFAULT, 1293, 2, 8, 8, 2, 'Frosting', ''),
	(DEFAULT, 1294, 3, 3, 1, 2, 'Fondant', ''),
	(DEFAULT, 1294, 5, 2, 2, 1, 'None', ''),
	(DEFAULT, 1295, 7, 1, 1, 1, 'None', ''),
	(DEFAULT, 1296, 7, 1, 1, 1, 'None', ''),
	(DEFAULT, 1297, 4, 2, 1, 2, 'Fondant', ''),
	(DEFAULT, 1298, 15, 1, 1, 1, 'None', ''),
	(DEFAULT, 1298, 10, 2, 2, 1, 'None', ''),
	(DEFAULT, 1299, 15, 1, 1, 1, 'None', ''),
	(DEFAULT, 1300, 14, 1, 1, 1, 'None', ''),
	(DEFAULT, 1300, 3, 2, 1, 2, 'Fondant', ''),
	(DEFAULT, 1302, 2, 2, 2, 3, 'Frosting', ''),
	(DEFAULT, 1303, 2, 2, 1, 2, 'Fondant', ''),
	(DEFAULT, 1303, 2, 2, 2, 2, 'Frosting', ''),
	(DEFAULT, 1305, 7, 1, 1, 1, 'None', ''),
	(DEFAULT, 1306, 1, 2, 1, 6, 'Fondant', ''),
	(DEFAULT, 1306, 15, 1, 1, 1, 'None', ''),
	(DEFAULT, 1307, 14, 1, 1, 1, 'None', ''),
	(DEFAULT, 1308, 2, 2, 1, 2, 'Fondant', ''),
	(DEFAULT, 1308, 9, 2, 2, 1, 'None', ''),
	(DEFAULT, 1309, 9, 2, 2, 1, 'None', ''),
	(DEFAULT, 1309, 5, 8, 8, 1, 'None', ''),
	(DEFAULT, 1309, 14, 1, 1, 1, 'None', ''),
	(DEFAULT, 1311, 1, 2, 2, 2, 'Frosting', ''),
	(DEFAULT, 1311, 10, 2, 2, 1, 'None', ''),
	(DEFAULT, 1312, 1, 2, 2, 2, 'Frosting', ''),
	(DEFAULT, 1313, 1, 4, 2, 6, 'Frosting', ''),
	(DEFAULT, 1314, 2, 7, 9, 3, 'Frosting', ''),
	(DEFAULT, 1315, 2, 2, 1, 4, 'Fondant', ''),
	(DEFAULT, 1316, 10, 2, 2, 1, 'None', ''),
	(DEFAULT, 1318, 12, 3, 8, 1, 'None', ''),
	(DEFAULT, 1319, 5, 2, 2, 1, 'None', ''),
	(DEFAULT, 1319, 5, 3, 3, 1, 'None', ''),
	(DEFAULT, 1320, 2, 5, 1, 8, 'Fondant', ''),
	(DEFAULT, 1321, 9, 2, 2, 1, 'None', ''),
	(DEFAULT, 1321, 9, 2, 2, 1, 'None', ''),
	(DEFAULT, 1322, 9, 2, 2, 1, 'None', ''),
	(DEFAULT, 1322, 9, 8, 8, 1, 'None', ''),
	(DEFAULT, 1323, 10, 2, 2, 1, 'None', ''),
	(DEFAULT, 1323, 12, 2, 2, 1, 'None', ''),
	(DEFAULT, 1324, 15, 1, 1, 1, 'None', ''),
	(DEFAULT, 1325, 2, 2, 2, 2, 'Frosting', ''),
	(DEFAULT, 1326, 15, 1, 1, 1, 'None', ''),
	(DEFAULT, 1326, 15, 1, 1, 1, 'None', ''),
	(DEFAULT, 1327, 15, 1, 1, 1, 'None', ''),
	(DEFAULT, 1328, 1, 2, 2, 3, 'Frosting', ''),
	(DEFAULT, 1328, 3, 5, 1, 4, 'Fondant', ''),
	(DEFAULT, 1329, 3, 6, 1, 6, 'Fondant', ''),
	(DEFAULT, 1329, 4, 8, 1, 3, 'Fondant', ''),
	(DEFAULT, 1330, 9, 2, 2, 1, 'None', ''),
	(DEFAULT, 1330, 15, 1, 1, 1, 'None', ''),
	(DEFAULT, 1330, 1, 2, 2, 8, 'Frosting', ''),
	(DEFAULT, 1331, 4, 2, 1, 2, 'Fondant', ''),
	(DEFAULT, 1332, 7, 1, 1, 1, 'None', ''),
	(DEFAULT, 1332, 4, 2, 1, 3, 'Fondant', ''),
	(DEFAULT, 1333, 15, 1, 1, 1, 'None', ''),
	(DEFAULT, 1333, 5, 5, 5, 1, 'None', ''),
	(DEFAULT, 1334, 4, 5, 1, 6, 'Fondant', ''),
	(DEFAULT, 1334, 14, 1, 1, 1, 'None', ''),
	(DEFAULT, 1335, 1, 3, 2, 3, 'Frosting', ''),
	(DEFAULT, 1336, 1, 2, 2, 3, 'Frosting', ''),
	(DEFAULT, 1337, 3, 3, 3, 2, 'Frosting', ''),
	(DEFAULT, 1337, 12, 2, 2, 1, 'None', ''),
	(DEFAULT, 1338, 2, 2, 2, 4, 'Frosting', ''),
	(DEFAULT, 1338, 3, 2, 2, 2, 'Frosting', ''),
	(DEFAULT, 1339, 5, 5, 5, 1, 'None', ''),
	(DEFAULT, 1340, 5, 2, 3, 1, 'None', ''),
	(DEFAULT, 1342, 10, 3, 3, 1, 'None', ''),
	(DEFAULT, 1344, 1, 2, 2, 3, 'Frosting', ''),
	(DEFAULT, 1345, 4, 2, 2, 3, 'Frosting', ''),
	(DEFAULT, 1345, 1, 2, 1, 2, 'Fondant', ''),
	(DEFAULT, 1345, 3, 7, 1, 4, 'Fondant', ''),
	(DEFAULT, 1346, 2, 2, 2, 7, 'Frosting', ''),
	(DEFAULT, 1347, 7, 1, 1, 1, 'None', ''),
	(DEFAULT, 1347, 15, 1, 1, 1, 'None', ''),
	(DEFAULT, 1347, 5, 5, 5, 1, 'None', ''),
	(DEFAULT, 1348, 1, 3, 3, 6, 'Frosting', ''),
	(DEFAULT, 1348, 1, 2, 2, 2, 'Frosting', ''),
	(DEFAULT, 1349, 15, 1, 1, 1, 'None', ''),
	(DEFAULT, 1349, 15, 1, 1, 1, 'None', ''),
	(DEFAULT, 1350, 9, 2, 2, 1, 'None', ''),
	(DEFAULT, 1350, 9, 10, 10, 1, 'None', ''),
	(DEFAULT, 1351, 9, 2, 2, 1, 'None', ''),
	(DEFAULT, 1351, 1, 4, 1, 3, 'Fondant', ''),
	(DEFAULT, 1352, 2, 2, 2, 7, 'Frosting', ''),
	(DEFAULT, 1352, 1, 2, 2, 6, 'Frosting', ''),
	(DEFAULT, 1354, 1, 2, 2, 3, 'Frosting', ''),
	(DEFAULT, 1355, 14, 1, 1, 1, 'None', ''),
	(DEFAULT, 1356, 2, 2, 1, 6, 'Fondant', ''),
	(DEFAULT, 1356, 2, 2, 1, 2, 'Fondant', ''),
	(DEFAULT, 1357, 4, 2, 1, 3, 'Fondant', ''),
	(DEFAULT, 1357, 1, 4, 4, 5, 'Frosting', ''),
	(DEFAULT, 1358, 4, 2, 1, 3, 'Fondant', ''),
	(DEFAULT, 1358, 2, 2, 1, 2, 'Fondant', ''),
	(DEFAULT, 1359, 1, 4, 4, 3, 'Frosting', ''),
	(DEFAULT, 1359, 15, 1, 1, 1, 'None', ''),
	(DEFAULT, 1360, 3, 2, 1, 2, 'Fondant', ''),
	(DEFAULT, 1360, 14, 1, 1, 1, 'None', ''),
	(DEFAULT, 1361, 2, 5, 5, 2, 'Frosting', ''),
	(DEFAULT, 1362, 4, 2, 1, 2, 'Fondant', ''),
	(DEFAULT, 1362, 9, 2, 2, 1, 'None', ''),
	(DEFAULT, 1363, 1, 10, 1, 2, 'Fondant', ''),
	(DEFAULT, 1364, 10, 2, 2, 1, 'None', ''),
	(DEFAULT, 1365, 1, 10, 1, 4, 'Fondant', ''),
	(DEFAULT, 1366, 3, 2, 2, 6, 'Frosting', ''),
	(DEFAULT, 1366, 2, 3, 3, 5, 'Frosting', ''),
	(DEFAULT, 1367, 7, 1, 1, 1, 'None', ''),
	(DEFAULT, 1367, 3, 2, 1, 3, 'Fondant', ''),
	(DEFAULT, 1367, 14, 1, 1, 1, 'None', ''),
	(DEFAULT, 1368, 3, 10, 1, 3, 'Fondant', ''),
	(DEFAULT, 1369, 12, 2, 2, 1, 'None', ''),
	(DEFAULT, 1370, 3, 2, 1, 8, 'Fondant', ''),
	(DEFAULT, 1370, 15, 1, 1, 1, 'None', ''),
	(DEFAULT, 1371, 1, 6, 1, 2, 'Fondant', ''),
	(DEFAULT, 1371, 15, 1, 1, 1, 'None', ''),
	(DEFAULT, 1372, 1, 9, 1, 4, 'Fondant', ''),
	(DEFAULT, 1373, 3, 8, 8, 2, 'Frosting', ''),
	(DEFAULT, 1373, 4, 2, 2, 3, 'Frosting', ''),
	(DEFAULT, 1374, 7, 1, 1, 1, 'None', ''),
	(DEFAULT, 1375, 14, 1, 1, 1, 'None', ''),
	(DEFAULT, 1375, 4, 2, 1, 4, 'Fondant', ''),
	(DEFAULT, 1375, 4, 2, 1, 7, 'Fondant', ''),
	(DEFAULT, 1376, 9, 3, 3, 1, 'None', ''),
	(DEFAULT, 1376, 12, 4, 4, 1, 'None', ''),
	(DEFAULT, 1378, 15, 1, 1, 1, 'None', ''),
	(DEFAULT, 1379, 15, 1, 1, 1, 'None', ''),
	(DEFAULT, 1379, 14, 1, 1, 1, 'None', ''),
	(DEFAULT, 1379, 9, 2, 2, 1, 'None', ''),
	(DEFAULT, 1380, 5, 2, 10, 1, 'None', ''),
	(DEFAULT, 1380, 1, 2, 1, 2, 'Fondant', ''),
	(DEFAULT, 1381, 1, 2, 2, 5, 'Frosting', ''),
	(DEFAULT, 1381, 4, 2, 2, 5, 'Frosting', ''),
	(DEFAULT, 1382, 4, 2, 2, 2, 'Frosting', ''),
	(DEFAULT, 1382, 3, 2, 2, 6, 'Frosting', ''),
	(DEFAULT, 1383, 5, 2, 2, 1, 'None', ''),
	(DEFAULT, 1385, 3, 10, 1, 3, 'Fondant', ''),
	(DEFAULT, 1385, 3, 2, 1, 2, 'Fondant', ''),
	(DEFAULT, 1386, 12, 7, 7, 1, 'None', ''),
	(DEFAULT, 1386, 5, 2, 2, 1, 'None', ''),
	(DEFAULT, 1387, 3, 2, 1, 3, 'Fondant', ''),
	(DEFAULT, 1387, 9, 6, 4, 1, 'None', ''),
	(DEFAULT, 1387, 2, 2, 1, 4, 'Fondant', ''),
	(DEFAULT, 1388, 4, 7, 1, 2, 'Fondant', ''),
	(DEFAULT, 1388, 1, 2, 2, 4, 'Frosting', ''),
	(DEFAULT, 1389, 4, 6, 6, 3, 'Frosting', ''),
	(DEFAULT, 1390, 4, 2, 1, 3, 'Fondant', ''),
	(DEFAULT, 1390, 15, 1, 1, 1, 'None', ''),
	(DEFAULT, 1391, 9, 10, 10, 1, 'None', ''),
	(DEFAULT, 1392, 2, 2, 2, 2, 'Frosting', ''),
	(DEFAULT, 1392, 4, 2, 1, 3, 'Fondant', ''),
	(DEFAULT, 1393, 9, 2, 2, 1, 'None', ''),
	(DEFAULT, 1394, 1, 3, 1, 3, 'Fondant', ''),
	(DEFAULT, 1394, 5, 2, 2, 1, 'None', ''),
	(DEFAULT, 1395, 1, 2, 1, 2, 'Fondant', ''),
	(DEFAULT, 1395, 2, 2, 2, 3, 'Frosting', ''),
	(DEFAULT, 1396, 9, 2, 2, 1, 'None', ''),
	(DEFAULT, 1398, 1, 3, 1, 4, 'Fondant', ''),
	(DEFAULT, 1398, 5, 2, 2, 1, 'None', ''),
	(DEFAULT, 1399, 15, 1, 1, 1, 'None', ''),
	(DEFAULT, 1400, 5, 2, 2, 1, 'None', ''),
	(DEFAULT, 1401, 15, 1, 1, 1, 'None', ''),
	(DEFAULT, 1401, 9, 2, 2, 1, 'None', ''),
	(DEFAULT, 1401, 15, 1, 1, 1, 'None', ''),
	(DEFAULT, 1402, 5, 2, 2, 1, 'None', ''),
	(DEFAULT, 1402, 1, 4, 1, 6, 'Fondant', ''),
	(DEFAULT, 1402, 14, 1, 1, 1, 'None', ''),
	(DEFAULT, 1403, 5, 2, 2, 1, 'None', ''),
	(DEFAULT, 1404, 3, 2, 2, 3, 'Frosting', ''),
	(DEFAULT, 1404, 3, 2, 2, 3, 'Frosting', ''),
	(DEFAULT, 1404, 14, 1, 1, 1, 'None', ''),
	(DEFAULT, 1405, 1, 2, 2, 6, 'Frosting', ''),
	(DEFAULT, 1406, 4, 6, 1, 2, 'Fondant', ''),
	(DEFAULT, 1406, 7, 1, 1, 1, 'None', ''),
	(DEFAULT, 1407, 14, 1, 1, 1, 'None', ''),
	(DEFAULT, 1407, 9, 3, 3, 1, 'None', ''),
	(DEFAULT, 1408, 14, 1, 1, 1, 'None', ''),
	(DEFAULT, 1409, 3, 2, 1, 8, 'Fondant', ''),
	(DEFAULT, 1409, 3, 6, 10, 5, 'Frosting', 'Verified with the client the unusual flavor combination'),
	(DEFAULT, 1410, 9, 2, 2, 1, 'None', ''),
	(DEFAULT, 1410, 3, 2, 2, 2, 'Frosting', ''),
	(DEFAULT, 1411, 9, 2, 2, 1, 'None', ''),
	(DEFAULT, 1412, 10, 2, 2, 1, 'None', ''),
	(DEFAULT, 1413, 5, 2, 2, 1, 'None', ''),
	(DEFAULT, 1413, 10, 7, 7, 1, 'None', ''),
	(DEFAULT, 1414, 10, 3, 3, 1, 'None', ''),
	(DEFAULT, 1414, 1, 2, 1, 2, 'Fondant', ''),
	(DEFAULT, 1416, 2, 7, 7, 2, 'Frosting', ''),
	(DEFAULT, 1417, 4, 2, 1, 2, 'Fondant', ''),
	(DEFAULT, 1418, 1, 2, 2, 3, 'Frosting', ''),
	(DEFAULT, 1419, 4, 2, 2, 5, 'Frosting', ''),
	(DEFAULT, 1420, 1, 4, 4, 3, 'Frosting', ''),
	(DEFAULT, 1421, 2, 2, 1, 3, 'Fondant', ''),
	(DEFAULT, 1423, 14, 1, 1, 1, 'None', ''),
	(DEFAULT, 1424, 2, 2, 2, 2, 'Frosting', ''),
	(DEFAULT, 1424, 2, 2, 2, 2, 'Frosting', ''),
	(DEFAULT, 1425, 9, 2, 2, 1, 'None', ''),
	(DEFAULT, 1426, 1, 2, 2, 4, 'Frosting', ''),
	(DEFAULT, 1427, 14, 1, 1, 1, 'None', ''),
	(DEFAULT, 1427, 10, 2, 2, 1, 'None', ''),
	(DEFAULT, 1428, 14, 1, 1, 1, 'None', ''),
	(DEFAULT, 1429, 4, 2, 9, 2, 'Frosting', ''),
	(DEFAULT, 1430, 4, 2, 1, 2, 'Fondant', ''),
	(DEFAULT, 1430, 10, 8, 8, 1, 'None', ''),
	(DEFAULT, 1431, 10, 2, 2, 1, 'None', ''),
	(DEFAULT, 1433, 2, 2, 2, 8, 'Frosting', ''),
	(DEFAULT, 1434, 3, 2, 1, 4, 'Fondant', ''),
	(DEFAULT, 1434, 4, 2, 1, 3, 'Fondant', ''),
	(DEFAULT, 1435, 3, 2, 1, 2, 'Fondant', ''),
	(DEFAULT, 1436, 3, 2, 2, 3, 'Frosting', ''),
	(DEFAULT, 1437, 4, 8, 2, 6, 'Frosting', ''),
	(DEFAULT, 1438, 5, 2, 2, 1, 'None', ''),
	(DEFAULT, 1438, 3, 4, 4, 3, 'Frosting', ''),
	(DEFAULT, 1439, 14, 1, 1, 1, 'None', ''),
	(DEFAULT, 1440, 13, 1, 1, 1, 'None', ''),
	(DEFAULT, 1441, 14, 1, 1, 1, 'None', ''),
	(DEFAULT, 1442, 4, 2, 2, 3, 'Frosting', ''),
	(DEFAULT, 1443, 5, 2, 2, 1, 'None', ''),
	(DEFAULT, 1443, 15, 1, 1, 1, 'None', ''),
	(DEFAULT, 1444, 13, 1, 1, 1, 'None', ''),
	(DEFAULT, 1445, 4, 2, 1, 4, 'Fondant', ''),
	(DEFAULT, 1446, 9, 2, 2, 1, 'None', ''),
	(DEFAULT, 1447, 1, 2, 2, 2, 'Frosting', ''),
	(DEFAULT, 1448, 3, 2, 2, 3, 'Frosting', ''),
	(DEFAULT, 1448, 9, 2, 2, 1, 'None', ''),
	(DEFAULT, 1449, 14, 1, 1, 1, 'None', ''),
	(DEFAULT, 1449, 11, 1, 1, 1, 'None', ''),
	(DEFAULT, 1450, 2, 2, 2, 4, 'Frosting', ''),
	(DEFAULT, 1450, 11, 1, 1, 1, 'None', ''),
	(DEFAULT, 1451, 15, 1, 1, 1, 'None', ''),
	(DEFAULT, 1452, 11, 1, 1, 1, 'None', ''),
	(DEFAULT, 1452, 12, 10, 10, 1, 'None', ''),
	(DEFAULT, 1453, 13, 1, 1, 1, 'None', ''),
	(DEFAULT, 1453, 4, 2, 2, 3, 'Frosting', ''),
	(DEFAULT, 1453, 2, 2, 2, 6, 'Frosting', ''),
	(DEFAULT, 1454, 4, 5, 5, 2, 'Frosting', ''),
	(DEFAULT, 1454, 4, 2, 2, 3, 'Frosting', ''),
	(DEFAULT, 1455, 11, 1, 1, 1, 'None', ''),
	(DEFAULT, 1456, 6, 1, 1, 1, 'None', ''),
	(DEFAULT, 1457, 2, 2, 2, 2, 'Frosting', ''),
	(DEFAULT, 1458, 15, 1, 1, 1, 'None', ''),
	(DEFAULT, 1458, 3, 2, 2, 4, 'Frosting', ''),
	(DEFAULT, 1460, 6, 1, 1, 1, 'None', ''),
	(DEFAULT, 1460, 6, 1, 1, 1, 'None', ''),
	(DEFAULT, 1461, 4, 2, 1, 3, 'Fondant', ''),
	(DEFAULT, 1462, 14, 1, 1, 1, 'None', ''),
	(DEFAULT, 1462, 1, 2, 1, 2, 'Fondant', ''),
	(DEFAULT, 1463, 11, 1, 1, 1, 'None', ''),
	(DEFAULT, 1464, 6, 1, 1, 1, 'None', ''),
	(DEFAULT, 1464, 1, 2, 2, 2, 'Frosting', ''),
	(DEFAULT, 1464, 15, 1, 1, 1, 'None', ''),
	(DEFAULT, 1465, 1, 2, 2, 3, 'Frosting', ''),
	(DEFAULT, 1465, 13, 1, 1, 1, 'None', ''),
	(DEFAULT, 1466, 1, 2, 2, 2, 'Frosting', ''),
	(DEFAULT, 1467, 3, 2, 2, 7, 'Frosting', ''),
	(DEFAULT, 1468, 14, 1, 1, 1, 'None', ''),
	(DEFAULT, 1469, 3, 7, 1, 4, 'Fondant', ''),
	(DEFAULT, 1470, 3, 2, 1, 3, 'Fondant', ''),
	(DEFAULT, 1471, 4, 2, 1, 4, 'Fondant', ''),
	(DEFAULT, 1471, 6, 1, 1, 1, 'None', ''),
	(DEFAULT, 1471, 14, 1, 1, 1, 'None', ''),
	(DEFAULT, 1472, 2, 2, 2, 5, 'Frosting', ''),
	(DEFAULT, 1472, 2, 2, 2, 8, 'Frosting', ''),
	(DEFAULT, 1473, 3, 2, 1, 8, 'Fondant', ''),
	(DEFAULT, 1475, 9, 2, 9, 1, 'None', ''),
	(DEFAULT, 1475, 1, 2, 1, 2, 'Fondant', ''),
	(DEFAULT, 1476, 5, 2, 2, 1, 'None', ''),
	(DEFAULT, 1477, 13, 1, 1, 1, 'None', ''),
	(DEFAULT, 1478, 3, 2, 2, 4, 'Frosting', ''),
	(DEFAULT, 1479, 1, 5, 1, 6, 'Fondant', ''),
	(DEFAULT, 1480, 3, 2, 1, 3, 'Fondant', ''),
	(DEFAULT, 1480, 1, 10, 1, 2, 'Fondant', ''),
	(DEFAULT, 1481, 11, 1, 1, 1, 'None', ''),
	(DEFAULT, 1482, 1, 2, 2, 3, 'Frosting', ''),
	(DEFAULT, 1483, 3, 2, 2, 3, 'Frosting', ''),
	(DEFAULT, 1483, 9, 3, 3, 1, 'None', ''),
	(DEFAULT, 1484, 1, 2, 1, 3, 'Fondant', ''),
	(DEFAULT, 1484, 2, 2, 1, 8, 'Fondant', ''),
	(DEFAULT, 1485, 10, 3, 3, 1, 'None', ''),
	(DEFAULT, 1486, 15, 1, 1, 1, 'None', ''),
	(DEFAULT, 1487, 7, 1, 1, 1, 'None', ''),
	(DEFAULT, 1487, 1, 2, 2, 8, 'Frosting', ''),
	(DEFAULT, 1488, 3, 5, 5, 2, 'Frosting', ''),
	(DEFAULT, 1488, 1, 7, 1, 2, 'Fondant', ''),
	(DEFAULT, 1488, 11, 1, 1, 1, 'None', ''),
	(DEFAULT, 1489, 7, 1, 1, 1, 'None', ''),
	(DEFAULT, 1489, 13, 1, 1, 1, 'None', ''),
	(DEFAULT, 1490, 4, 2, 2, 2, 'Frosting', ''),
	(DEFAULT, 1491, 11, 1, 1, 1, 'None', ''),
	(DEFAULT, 1491, 1, 10, 1, 6, 'Fondant', ''),
	(DEFAULT, 1492, 3, 6, 1, 5, 'Fondant', ''),
	(DEFAULT, 1493, 3, 4, 4, 7, 'Frosting', ''),
	(DEFAULT, 1493, 13, 1, 1, 1, 'None', ''),
	(DEFAULT, 1493, 6, 1, 1, 1, 'None', ''),
	(DEFAULT, 1494, 9, 2, 2, 1, 'None', ''),
	(DEFAULT, 1496, 2, 2, 2, 2, 'Frosting', ''),
	(DEFAULT, 1496, 2, 2, 2, 3, 'Frosting', ''),
	(DEFAULT, 1497, 2, 5, 1, 7, 'Fondant', ''),
	(DEFAULT, 1498, 13, 1, 1, 1, 'None', ''),
	(DEFAULT, 1499, 1, 2, 2, 6, 'Frosting', ''),
	(DEFAULT, 1499, 2, 2, 2, 2, 'Frosting', ''),
	(DEFAULT, 1500, 4, 2, 2, 2, 'Frosting', ''),
	(DEFAULT, 1502, 12, 2, 2, 1, 'None', ''),
	(DEFAULT, 1502, 3, 2, 1, 2, 'Fondant', ''),
	(DEFAULT, 1503, 12, 2, 2, 1, 'None', ''),
	(DEFAULT, 1504, 3, 3, 1, 3, 'Fondant', ''),
	(DEFAULT, 1505, 11, 1, 1, 1, 'None', ''),
	(DEFAULT, 1505, 7, 1, 1, 1, 'None', ''),
	(DEFAULT, 1506, 10, 2, 2, 1, 'None', ''),
	(DEFAULT, 1506, 13, 1, 1, 1, 'None', ''),
	(DEFAULT, 1507, 3, 2, 2, 2, 'Frosting', ''),
	(DEFAULT, 1507, 14, 1, 1, 1, 'None', ''),
	(DEFAULT, 1508, 1, 2, 1, 6, 'Fondant', ''),
	(DEFAULT, 1508, 1, 2, 4, 2, 'Frosting', ''),
	(DEFAULT, 1511, 7, 1, 1, 1, 'None', ''),
	(DEFAULT, 1511, 4, 2, 2, 6, 'Frosting', ''),
	(DEFAULT, 1511, 2, 2, 2, 3, 'Frosting', ''),
	(DEFAULT, 1512, 15, 1, 1, 1, 'None', ''),
	(DEFAULT, 1512, 3, 2, 2, 2, 'Frosting', ''),
	(DEFAULT, 1513, 2, 3, 3, 2, 'Frosting', ''),
	(DEFAULT, 1514, 13, 1, 1, 1, 'None', ''),
	(DEFAULT, 1514, 14, 1, 1, 1, 'None', ''),
	(DEFAULT, 1514, 1, 2, 1, 2, 'Fondant', ''),
	(DEFAULT, 1515, 9, 2, 2, 1, 'None', ''),
	(DEFAULT, 1516, 14, 1, 1, 1, 'None', ''),
	(DEFAULT, 1516, 4, 2, 2, 3, 'Frosting', ''),
	(DEFAULT, 1517, 2, 5, 1, 2, 'Fondant', ''),
	(DEFAULT, 1518, 13, 1, 1, 1, 'None', ''),
	(DEFAULT, 1518, 4, 2, 1, 3, 'Fondant', ''),
	(DEFAULT, 1519, 13, 1, 1, 1, 'None', ''),
	(DEFAULT, 1519, 6, 1, 1, 1, 'None', ''),
	(DEFAULT, 1520, 4, 2, 1, 3, 'Fondant', ''),
	(DEFAULT, 1520, 14, 1, 1, 1, 'None', ''),
	(DEFAULT, 1521, 12, 2, 2, 1, 'None', ''),
	(DEFAULT, 1522, 4, 2, 2, 2, 'Frosting', ''),
	(DEFAULT, 1524, 10, 2, 2, 1, 'None', ''),
	(DEFAULT, 1524, 4, 5, 5, 3, 'Frosting', ''),
	(DEFAULT, 1524, 13, 1, 1, 1, 'None', ''),
	(DEFAULT, 1525, 3, 2, 10, 2, 'Frosting', ''),
	(DEFAULT, 1526, 11, 1, 1, 1, 'None', ''),
	(DEFAULT, 1527, 10, 3, 3, 1, 'None', ''),
	(DEFAULT, 1528, 3, 2, 1, 2, 'Fondant', ''),
	(DEFAULT, 1528, 1, 2, 1, 2, 'Fondant', ''),
	(DEFAULT, 1529, 14, 1, 1, 1, 'None', ''),
	(DEFAULT, 1530, 4, 2, 5, 6, 'Frosting', ''),
	(DEFAULT, 1531, 4, 2, 1, 3, 'Fondant', ''),
	(DEFAULT, 1531, 4, 2, 2, 6, 'Frosting', ''),
	(DEFAULT, 1531, 1, 4, 4, 3, 'Frosting', ''),
	(DEFAULT, 1532, 1, 8, 1, 3, 'Fondant', ''),
	(DEFAULT, 1533, 13, 1, 1, 1, 'None', ''),
	(DEFAULT, 1534, 3, 2, 1, 2, 'Fondant', ''),
	(DEFAULT, 1535, 3, 2, 1, 6, 'Fondant', ''),
	(DEFAULT, 1535, 5, 2, 2, 1, 'None', ''),
	(DEFAULT, 1535, 6, 1, 1, 1, 'None', ''),
	(DEFAULT, 1536, 1, 2, 2, 2, 'Frosting', ''),
	(DEFAULT, 1536, 2, 2, 2, 3, 'Frosting', ''),
	(DEFAULT, 1537, 3, 2, 1, 6, 'Fondant', ''),
	(DEFAULT, 1538, 10, 2, 2, 1, 'None', ''),
	(DEFAULT, 1538, 3, 2, 2, 6, 'Frosting', ''),
	(DEFAULT, 1538, 5, 10, 10, 1, 'None', ''),
	(DEFAULT, 1539, 13, 1, 1, 1, 'None', ''),
	(DEFAULT, 1540, 15, 1, 1, 1, 'None', ''),
	(DEFAULT, 1541, 3, 2, 2, 2, 'Frosting', ''),
	(DEFAULT, 1542, 14, 1, 1, 1, 'None', ''),
	(DEFAULT, 1542, 3, 8, 1, 2, 'Fondant', ''),
	(DEFAULT, 1543, 13, 1, 1, 1, 'None', ''),
	(DEFAULT, 1543, 10, 2, 2, 1, 'None', ''),
	(DEFAULT, 1544, 1, 5, 5, 4, 'Frosting', ''),
	(DEFAULT, 1544, 2, 5, 1, 4, 'Fondant', ''),
	(DEFAULT, 1545, 4, 2, 1, 2, 'Fondant', ''),
	(DEFAULT, 1546, 14, 1, 1, 1, 'None', ''),
	(DEFAULT, 1547, 14, 1, 1, 1, 'None', ''),
	(DEFAULT, 1547, 1, 4, 4, 3, 'Frosting', ''),
	(DEFAULT, 1548, 15, 1, 1, 1, 'None', ''),
	(DEFAULT, 1549, 2, 2, 1, 6, 'Fondant', ''),
	(DEFAULT, 1549, 1, 2, 2, 3, 'Frosting', ''),
	(DEFAULT, 1550, 13, 1, 1, 1, 'None', ''),
	(DEFAULT, 1551, 3, 2, 1, 6, 'Fondant', ''),
	(DEFAULT, 1552, 3, 2, 1, 4, 'Fondant', ''),
	(DEFAULT, 1552, 3, 2, 2, 4, 'Frosting', ''),
	(DEFAULT, 1552, 4, 2, 2, 3, 'Frosting', ''),
	(DEFAULT, 1553, 13, 1, 1, 1, 'None', ''),
	(DEFAULT, 1553, 4, 2, 1, 3, 'Fondant', ''),
	(DEFAULT, 1553, 9, 2, 2, 1, 'None', ''),
	(DEFAULT, 1554, 11, 1, 1, 1, 'None', ''),
	(DEFAULT, 1554, 14, 1, 1, 1, 'None', ''),
	(DEFAULT, 1554, 13, 1, 1, 1, 'None', ''),
	(DEFAULT, 1555, 4, 2, 2, 8, 'Frosting', ''),
	(DEFAULT, 1555, 3, 2, 2, 2, 'Frosting', ''),
	(DEFAULT, 1556, 1, 2, 1, 2, 'Fondant', ''),
	(DEFAULT, 1557, 13, 1, 1, 1, 'None', ''),
	(DEFAULT, 1557, 13, 1, 1, 1, 'None', ''),
	(DEFAULT, 1557, 2, 2, 2, 3, 'Frosting', ''),
	(DEFAULT, 1558, 2, 2, 1, 2, 'Fondant', ''),
	(DEFAULT, 1559, 13, 1, 1, 1, 'None', ''),
	(DEFAULT, 1559, 3, 2, 10, 2, 'Frosting', ''),
	(DEFAULT, 1560, 4, 2, 2, 2, 'Frosting', ''),
	(DEFAULT, 1561, 9, 6, 6, 1, 'None', ''),
	(DEFAULT, 1563, 14, 1, 1, 1, 'None', ''),
	(DEFAULT, 1564, 3, 2, 2, 3, 'Frosting', ''),
	(DEFAULT, 1564, 11, 1, 1, 1, 'None', ''),
	(DEFAULT, 1565, 12, 2, 2, 1, 'None', ''),
	(DEFAULT, 1565, 4, 2, 2, 4, 'Frosting', ''),
	(DEFAULT, 1566, 4, 2, 2, 2, 'Frosting', ''),
	(DEFAULT, 1567, 7, 1, 1, 1, 'None', ''),
	(DEFAULT, 1568, 3, 5, 5, 4, 'Frosting', ''),
	(DEFAULT, 1569, 14, 1, 1, 1, 'None', ''),
	(DEFAULT, 1570, 2, 2, 1, 2, 'Fondant', ''),
	(DEFAULT, 1570, 2, 2, 1, 3, 'Fondant', ''),
	(DEFAULT, 1571, 2, 2, 2, 2, 'Frosting', ''),
	(DEFAULT, 1571, 2, 3, 1, 3, 'Fondant', ''),
	(DEFAULT, 1573, 5, 2, 2, 1, 'None', ''),
	(DEFAULT, 1573, 2, 7, 1, 8, 'Fondant', ''),
	(DEFAULT, 1573, 15, 1, 1, 1, 'None', ''),
	(DEFAULT, 1575, 1, 2, 10, 2, 'Frosting', ''),
	(DEFAULT, 1575, 1, 2, 2, 8, 'Frosting', ''),
	(DEFAULT, 1576, 12, 2, 2, 1, 'None', ''),
	(DEFAULT, 1576, 5, 2, 2, 1, 'None', ''),
	(DEFAULT, 1577, 3, 2, 4, 2, 'Frosting', ''),
	(DEFAULT, 1577, 4, 2, 1, 2, 'Fondant', ''),
	(DEFAULT, 1577, 3, 2, 2, 8, 'Frosting', ''),
	(DEFAULT, 1578, 1, 2, 1, 7, 'Fondant', ''),
	(DEFAULT, 1579, 3, 2, 2, 2, 'Frosting', ''),
	(DEFAULT, 1579, 4, 2, 1, 2, 'Fondant', ''),
	(DEFAULT, 1580, 11, 1, 1, 1, 'None', ''),
	(DEFAULT, 1580, 6, 1, 1, 1, 'None', ''),
	(DEFAULT, 1581, 13, 1, 1, 1, 'None', ''),
	(DEFAULT, 1582, 3, 2, 2, 6, 'Frosting', ''),
	(DEFAULT, 1584, 12, 5, 5, 1, 'None', ''),
	(DEFAULT, 1584, 15, 1, 1, 1, 'None', ''),
	(DEFAULT, 1585, 10, 9, 9, 1, 'None', ''),
	(DEFAULT, 1586, 14, 1, 1, 1, 'None', ''),
	(DEFAULT, 1586, 3, 2, 1, 6, 'Fondant', ''),
	(DEFAULT, 1586, 14, 1, 1, 1, 'None', ''),
	(DEFAULT, 1587, 3, 2, 1, 3, 'Fondant', ''),
	(DEFAULT, 1588, 9, 2, 2, 1, 'None', ''),
	(DEFAULT, 1589, 1, 5, 5, 2, 'Frosting', ''),
	(DEFAULT, 1589, 11, 1, 1, 1, 'None', ''),
	(DEFAULT, 1590, 9, 6, 7, 1, 'None', ''),
	(DEFAULT, 1591, 1, 2, 5, 3, 'Frosting', ''),
	(DEFAULT, 1592, 4, 2, 2, 2, 'Frosting', ''),
	(DEFAULT, 1592, 4, 10, 10, 2, 'Frosting', ''),
	(DEFAULT, 1592, 14, 1, 1, 1, 'None', ''),
	(DEFAULT, 1593, 1, 2, 1, 2, 'Fondant', ''),
	(DEFAULT, 1594, 2, 2, 1, 7, 'Fondant', ''),
	(DEFAULT, 1595, 7, 1, 1, 1, 'None', ''),
	(DEFAULT, 1595, 14, 1, 1, 1, 'None', ''),
	(DEFAULT, 1596, 4, 2, 2, 2, 'Frosting', ''),
	(DEFAULT, 1596, 12, 2, 10, 1, 'None', ''),
	(DEFAULT, 1597, 3, 3, 1, 2, 'Fondant', ''),
	(DEFAULT, 1598, 5, 10, 2, 1, 'None', ''),
	(DEFAULT, 1598, 15, 1, 1, 1, 'None', ''),
	(DEFAULT, 1599, 4, 6, 1, 2, 'Fondant', ''),
	(DEFAULT, 1600, 2, 2, 2, 2, 'Frosting', ''),
	(DEFAULT, 1600, 1, 2, 2, 4, 'Frosting', ''),
	(DEFAULT, 1601, 3, 2, 1, 3, 'Fondant', ''),
	(DEFAULT, 1602, 3, 4, 2, 3, 'Frosting', ''),
	(DEFAULT, 1603, 1, 2, 2, 2, 'Frosting', ''),
	(DEFAULT, 1604, 15, 1, 1, 1, 'None', ''),
	(DEFAULT, 1605, 15, 1, 1, 1, 'None', ''),
	(DEFAULT, 1605, 10, 5, 5, 1, 'None', ''),
	(DEFAULT, 1606, 4, 2, 2, 3, 'Frosting', ''),
	(DEFAULT, 1607, 15, 1, 1, 1, 'None', ''),
	(DEFAULT, 1608, 4, 2, 1, 6, 'Fondant', ''),
	(DEFAULT, 1608, 5, 2, 2, 1, 'None', ''),
	(DEFAULT, 1608, 14, 1, 1, 1, 'None', ''),
	(DEFAULT, 1609, 9, 2, 2, 1, 'None', ''),
	(DEFAULT, 1609, 1, 2, 1, 7, 'Fondant', ''),
	(DEFAULT, 1610, 15, 1, 1, 1, 'None', ''),
	(DEFAULT, 1610, 5, 2, 2, 1, 'None', ''),
	(DEFAULT, 1611, 2, 3, 1, 3, 'Fondant', ''),
	(DEFAULT, 1612, 9, 2, 2, 1, 'None', ''),
	(DEFAULT, 1612, 4, 2, 1, 3, 'Fondant', ''),
	(DEFAULT, 1613, 1, 2, 2, 3, 'Frosting', ''),
	(DEFAULT, 1615, 1, 2, 1, 3, 'Fondant', ''),
	(DEFAULT, 1615, 3, 2, 2, 6, 'Frosting', ''),
	(DEFAULT, 1615, 9, 3, 2, 1, 'None', ''),
	(DEFAULT, 1616, 4, 2, 1, 5, 'Fondant', ''),
	(DEFAULT, 1617, 1, 2, 2, 3, 'Frosting', ''),
	(DEFAULT, 1618, 10, 2, 2, 1, 'None', ''),
	(DEFAULT, 1619, 4, 4, 1, 3, 'Fondant', ''),
	(DEFAULT, 1619, 1, 2, 1, 2, 'Fondant', ''),
	(DEFAULT, 1621, 4, 2, 1, 4, 'Fondant', ''),
	(DEFAULT, 1622, 14, 1, 1, 1, 'None', ''),
	(DEFAULT, 1622, 3, 2, 1, 3, 'Fondant', ''),
	(DEFAULT, 1624, 3, 7, 7, 8, 'Frosting', ''),
	(DEFAULT, 1624, 9, 2, 2, 1, 'None', ''),
	(DEFAULT, 1625, 5, 3, 3, 1, 'None', ''),
	(DEFAULT, 1625, 1, 2, 2, 2, 'Frosting', ''),
	(DEFAULT, 1626, 15, 1, 1, 1, 'None', ''),
	(DEFAULT, 1626, 2, 3, 1, 2, 'Fondant', ''),
	(DEFAULT, 1627, 4, 2, 1, 5, 'Fondant', ''),
	(DEFAULT, 1627, 10, 3, 3, 1, 'None', ''),
	(DEFAULT, 1628, 15, 1, 1, 1, 'None', ''),
	(DEFAULT, 1629, 4, 4, 1, 3, 'Fondant', ''),
	(DEFAULT, 1629, 4, 10, 10, 6, 'Frosting', ''),
	(DEFAULT, 1630, 3, 3, 1, 6, 'Fondant', ''),
	(DEFAULT, 1630, 9, 2, 2, 1, 'None', ''),
	(DEFAULT, 1631, 9, 2, 2, 1, 'None', ''),
	(DEFAULT, 1631, 2, 2, 1, 4, 'Fondant', ''),
	(DEFAULT, 1632, 14, 1, 1, 1, 'None', ''),
	(DEFAULT, 1632, 3, 2, 1, 3, 'Fondant', ''),
	(DEFAULT, 1634, 9, 2, 2, 1, 'None', ''),
	(DEFAULT, 1634, 9, 2, 2, 1, 'None', ''),
	(DEFAULT, 1634, 4, 2, 2, 3, 'Frosting', ''),
	(DEFAULT, 1635, 14, 1, 1, 1, 'None', ''),
	(DEFAULT, 1635, 4, 2, 2, 3, 'Frosting', ''),
	(DEFAULT, 1636, 4, 2, 2, 4, 'Frosting', ''),
	(DEFAULT, 1637, 4, 2, 1, 3, 'Fondant', ''),
	(DEFAULT, 1637, 5, 2, 2, 1, 'None', ''),
	(DEFAULT, 1638, 2, 2, 2, 3, 'Frosting', ''),
	(DEFAULT, 1639, 2, 2, 1, 2, 'Fondant', ''),
	(DEFAULT, 1640, 1, 4, 1, 3, 'Fondant', ''),
	(DEFAULT, 1641, 7, 1, 1, 1, 'None', ''),
	(DEFAULT, 1641, 9, 2, 2, 1, 'None', ''),
	(DEFAULT, 1641, 5, 2, 2, 1, 'None', ''),
	(DEFAULT, 1642, 4, 2, 1, 6, 'Fondant', ''),
	(DEFAULT, 1642, 3, 2, 1, 3, 'Fondant', ''),
	(DEFAULT, 1643, 3, 10, 1, 6, 'Fondant', ''),
	(DEFAULT, 1644, 5, 2, 2, 1, 'None', ''),
	(DEFAULT, 1644, 9, 2, 2, 1, 'None', ''),
	(DEFAULT, 1645, 2, 8, 1, 2, 'Fondant', ''),
	(DEFAULT, 1645, 2, 2, 2, 3, 'Frosting', ''),
	(DEFAULT, 1646, 14, 1, 1, 1, 'None', ''),
	(DEFAULT, 1646, 3, 2, 1, 5, 'Fondant', ''),
	(DEFAULT, 1647, 7, 1, 1, 1, 'None', ''),
	(DEFAULT, 1647, 1, 6, 2, 4, 'Frosting', ''),
	(DEFAULT, 1648, 5, 5, 5, 1, 'None', ''),
	(DEFAULT, 1648, 1, 2, 1, 3, 'Fondant', ''),
	(DEFAULT, 1649, 3, 2, 1, 5, 'Fondant', ''),
	(DEFAULT, 1649, 4, 2, 2, 2, 'Frosting', ''),
	(DEFAULT, 1650, 2, 2, 2, 8, 'Frosting', ''),
	(DEFAULT, 1650, 1, 2, 1, 2, 'Fondant', ''),
	(DEFAULT, 1651, 2, 2, 1, 6, 'Fondant', ''),
	(DEFAULT, 1651, 1, 2, 1, 2, 'Fondant', ''),
	(DEFAULT, 1652, 4, 3, 1, 3, 'Fondant', ''),
	(DEFAULT, 1653, 5, 2, 2, 1, 'None', ''),
	(DEFAULT, 1654, 2, 3, 1, 7, 'Fondant', ''),
	(DEFAULT, 1654, 2, 2, 2, 3, 'Frosting', ''),
	(DEFAULT, 1655, 3, 2, 2, 2, 'Frosting', ''),
	(DEFAULT, 1655, 7, 1, 1, 1, 'None', ''),
	(DEFAULT, 1655, 5, 7, 7, 1, 'None', ''),
	(DEFAULT, 1656, 4, 2, 2, 2, 'Frosting', ''),
	(DEFAULT, 1657, 7, 1, 1, 1, 'None', ''),
	(DEFAULT, 1657, 10, 5, 9, 1, 'None', ''),
	(DEFAULT, 1658, 5, 2, 2, 1, 'None', ''),
	(DEFAULT, 1659, 1, 2, 2, 2, 'Frosting', ''),
	(DEFAULT, 1660, 1, 2, 2, 3, 'Frosting', ''),
	(DEFAULT, 1660, 1, 3, 1, 4, 'Fondant', ''),
	(DEFAULT, 1660, 3, 2, 1, 6, 'Fondant', ''),
	(DEFAULT, 1661, 2, 2, 1, 5, 'Fondant', ''),
	(DEFAULT, 1662, 5, 2, 2, 1, 'None', ''),
	(DEFAULT, 1664, 2, 2, 2, 4, 'Frosting', ''),
	(DEFAULT, 1664, 3, 2, 2, 2, 'Frosting', ''),
	(DEFAULT, 1665, 9, 2, 2, 1, 'None', ''),
	(DEFAULT, 1666, 15, 1, 1, 1, 'None', ''),
	(DEFAULT, 1667, 9, 2, 2, 1, 'None', ''),
	(DEFAULT, 1667, 9, 2, 2, 1, 'None', ''),
	(DEFAULT, 1668, 7, 1, 1, 1, 'None', ''),
	(DEFAULT, 1669, 12, 2, 2, 1, 'None', ''),
	(DEFAULT, 1670, 10, 2, 2, 1, 'None', ''),
	(DEFAULT, 1671, 4, 8, 1, 3, 'Fondant', ''),
	(DEFAULT, 1671, 4, 2, 1, 2, 'Fondant', ''),
	(DEFAULT, 1671, 4, 2, 2, 4, 'Frosting', ''),
	(DEFAULT, 1672, 4, 3, 3, 7, 'Frosting', ''),
	(DEFAULT, 1674, 12, 2, 2, 1, 'None', ''),
	(DEFAULT, 1674, 3, 2, 1, 2, 'Fondant', ''),
	(DEFAULT, 1674, 4, 2, 1, 6, 'Fondant', ''),
	(DEFAULT, 1675, 15, 1, 1, 1, 'None', ''),
	(DEFAULT, 1676, 2, 2, 2, 3, 'Frosting', ''),
	(DEFAULT, 1676, 1, 2, 2, 3, 'Frosting', ''),
	(DEFAULT, 1677, 9, 3, 3, 1, 'None', ''),
	(DEFAULT, 1677, 3, 2, 1, 4, 'Fondant', ''),
	(DEFAULT, 1678, 7, 1, 1, 1, 'None', ''),
	(DEFAULT, 1679, 1, 2, 1, 5, 'Fondant', ''),
	(DEFAULT, 1679, 14, 1, 1, 1, 'None', ''),
	(DEFAULT, 1680, 2, 2, 2, 2, 'Frosting', ''),
	(DEFAULT, 1680, 14, 1, 1, 1, 'None', ''),
	(DEFAULT, 1681, 14, 1, 1, 1, 'None', ''),
	(DEFAULT, 1681, 14, 1, 1, 1, 'None', ''),
	(DEFAULT, 1681, 10, 2, 2, 1, 'None', ''),
	(DEFAULT, 1682, 15, 1, 1, 1, 'None', ''),
	(DEFAULT, 1683, 3, 10, 10, 7, 'Frosting', ''),
	(DEFAULT, 1683, 1, 2, 1, 3, 'Fondant', ''),
	(DEFAULT, 1684, 9, 4, 4, 1, 'None', ''),
	(DEFAULT, 1685, 3, 2, 2, 3, 'Frosting', ''),
	(DEFAULT, 1685, 1, 2, 5, 2, 'Frosting', ''),
	(DEFAULT, 1686, 1, 2, 1, 5, 'Fondant', ''),
	(DEFAULT, 1686, 1, 2, 1, 3, 'Fondant', ''),
	(DEFAULT, 1687, 3, 2, 1, 8, 'Fondant', ''),
	(DEFAULT, 1688, 5, 3, 3, 1, 'None', ''),
	(DEFAULT, 1688, 3, 10, 10, 3, 'Frosting', ''),
	(DEFAULT, 1689, 7, 1, 1, 1, 'None', ''),
	(DEFAULT, 1690, 9, 2, 2, 1, 'None', ''),
	(DEFAULT, 1691, 15, 1, 1, 1, 'None', ''),
	(DEFAULT, 1691, 14, 1, 1, 1, 'None', ''),
	(DEFAULT, 1692, 3, 8, 8, 2, 'Frosting', ''),
	(DEFAULT, 1693, 2, 2, 1, 2, 'Fondant', ''),
	(DEFAULT, 1693, 2, 2, 2, 3, 'Frosting', ''),
	(DEFAULT, 1694, 9, 2, 2, 1, 'None', ''),
	(DEFAULT, 1694, 1, 5, 1, 2, 'Fondant', ''),
	(DEFAULT, 1695, 1, 2, 2, 8, 'Frosting', ''),
	(DEFAULT, 1696, 4, 2, 1, 2, 'Fondant', ''),
	(DEFAULT, 1696, 4, 2, 1, 2, 'Fondant', ''),
	(DEFAULT, 1697, 1, 2, 1, 6, 'Fondant', ''),
	(DEFAULT, 1698, 1, 8, 1, 7, 'Fondant', ''),
	(DEFAULT, 1698, 14, 1, 1, 1, 'None', ''),
	(DEFAULT, 1699, 1, 3, 3, 3, 'Frosting', ''),
	(DEFAULT, 1700, 3, 2, 1, 3, 'Fondant', ''),
	(DEFAULT, 1700, 3, 2, 1, 2, 'Fondant', ''),
	(DEFAULT, 1701, 1, 2, 1, 2, 'Fondant', ''),
	(DEFAULT, 1701, 3, 2, 1, 7, 'Fondant', ''),
	(DEFAULT, 1702, 3, 2, 2, 3, 'Frosting', ''),
	(DEFAULT, 1702, 5, 4, 4, 1, 'None', ''),
	(DEFAULT, 1702, 5, 2, 2, 1, 'None', ''),
	(DEFAULT, 1703, 3, 2, 1, 3, 'Fondant', ''),
	(DEFAULT, 1703, 1, 2, 2, 3, 'Frosting', ''),
	(DEFAULT, 1704, 5, 2, 2, 1, 'None', ''),
	(DEFAULT, 1704, 4, 5, 1, 2, 'Fondant', ''),
	(DEFAULT, 1705, 15, 1, 1, 1, 'None', ''),
	(DEFAULT, 1705, 9, 2, 2, 1, 'None', ''),
	(DEFAULT, 1706, 1, 2, 2, 3, 'Frosting', ''),
	(DEFAULT, 1707, 1, 8, 8, 3, 'Frosting', ''),
	(DEFAULT, 1707, 4, 2, 2, 3, 'Frosting', ''),
	(DEFAULT, 1708, 2, 2, 2, 3, 'Frosting', ''),
	(DEFAULT, 1709, 1, 2, 2, 3, 'Frosting', ''),
	(DEFAULT, 1710, 4, 2, 1, 4, 'Fondant', ''),
	(DEFAULT, 1711, 10, 2, 2, 1, 'None', ''),
	(DEFAULT, 1712, 1, 6, 1, 4, 'Fondant', ''),
	(DEFAULT, 1713, 15, 1, 1, 1, 'None', ''),
	(DEFAULT, 1714, 7, 1, 1, 1, 'None', ''),
	(DEFAULT, 1715, 4, 2, 1, 2, 'Fondant', ''),
	(DEFAULT, 1715, 7, 1, 1, 1, 'None', ''),
	(DEFAULT, 1716, 3, 4, 4, 4, 'Frosting', ''),
	(DEFAULT, 1717, 10, 2, 2, 1, 'None', ''),
	(DEFAULT, 1718, 9, 2, 2, 1, 'None', ''),
	(DEFAULT, 1719, 1, 2, 1, 3, 'Fondant', ''),
	(DEFAULT, 1719, 10, 5, 5, 1, 'None', ''),
	(DEFAULT, 1720, 2, 4, 2, 2, 'Frosting', ''),
	(DEFAULT, 1721, 3, 3, 3, 2, 'Frosting', ''),
	(DEFAULT, 1721, 12, 2, 2, 1, 'None', ''),
	(DEFAULT, 1722, 1, 2, 2, 2, 'Frosting', ''),
	(DEFAULT, 1723, 14, 1, 1, 1, 'None', ''),
	(DEFAULT, 1723, 5, 2, 2, 1, 'None', ''),
	(DEFAULT, 1724, 9, 2, 2, 1, 'None', ''),
	(DEFAULT, 1725, 3, 2, 9, 2, 'Frosting', ''),
	(DEFAULT, 1726, 1, 2, 2, 2, 'Frosting', ''),
	(DEFAULT, 1727, 5, 9, 2, 1, 'None', ''),
	(DEFAULT, 1727, 12, 2, 2, 1, 'None', ''),
	(DEFAULT, 1727, 9, 2, 2, 1, 'None', ''),
	(DEFAULT, 1728, 4, 2, 2, 4, 'Frosting', ''),
	(DEFAULT, 1728, 3, 3, 3, 2, 'Frosting', ''),
	(DEFAULT, 1729, 12, 2, 2, 1, 'None', ''),
	(DEFAULT, 1729, 3, 9, 9, 3, 'Frosting', ''),
	(DEFAULT, 1730, 9, 2, 2, 1, 'None', ''),
	(DEFAULT, 1730, 15, 1, 1, 1, 'None', ''),
	(DEFAULT, 1731, 1, 2, 1, 3, 'Fondant', ''),
	(DEFAULT, 1732, 3, 2, 1, 2, 'Fondant', ''),
	(DEFAULT, 1732, 2, 2, 2, 2, 'Frosting', ''),
	(DEFAULT, 1733, 3, 2, 2, 5, 'Frosting', ''),
	(DEFAULT, 1733, 3, 10, 9, 3, 'Frosting', 'Called customer to check odd flavor combination'),
	(DEFAULT, 1734, 10, 2, 2, 1, 'None', ''),
	(DEFAULT, 1734, 4, 10, 10, 3, 'Frosting', ''),
	(DEFAULT, 1735, 5, 2, 2, 1, 'None', ''),
	(DEFAULT, 1736, 5, 6, 2, 1, 'None', ''),
	(DEFAULT, 1737, 2, 2, 1, 3, 'Fondant', ''),
	(DEFAULT, 1737, 2, 2, 1, 2, 'Fondant', ''),
	(DEFAULT, 1738, 2, 2, 1, 4, 'Fondant', ''),
	(DEFAULT, 1739, 3, 2, 2, 2, 'Frosting', ''),
	(DEFAULT, 1740, 15, 1, 1, 1, 'None', ''),
	(DEFAULT, 1741, 2, 6, 2, 2, 'Frosting', ''),
	(DEFAULT, 1742, 3, 2, 1, 2, 'Fondant', ''),
	(DEFAULT, 1743, 15, 1, 1, 1, 'None', ''),
	(DEFAULT, 1744, 12, 3, 3, 1, 'None', ''),
	(DEFAULT, 1744, 5, 2, 2, 1, 'None', ''),
	(DEFAULT, 1744, 14, 1, 1, 1, 'None', ''),
	(DEFAULT, 1745, 10, 10, 10, 1, 'None', ''),
	(DEFAULT, 1745, 15, 1, 1, 1, 'None', ''),
	(DEFAULT, 1745, 5, 5, 2, 1, 'None', ''),
	(DEFAULT, 1746, 7, 1, 1, 1, 'None', ''),
	(DEFAULT, 1747, 1, 5, 5, 2, 'Frosting', ''),
	(DEFAULT, 1747, 12, 4, 4, 1, 'None', ''),
	(DEFAULT, 1748, 7, 1, 1, 1, 'None', ''),
	(DEFAULT, 1748, 10, 2, 6, 1, 'None', ''),
	(DEFAULT, 1749, 4, 2, 2, 3, 'Frosting', ''),
	(DEFAULT, 1750, 12, 2, 2, 1, 'None', ''),
	(DEFAULT, 1751, 3, 2, 2, 2, 'Frosting', ''),
	(DEFAULT, 1752, 9, 2, 2, 1, 'None', ''),
	(DEFAULT, 1752, 9, 4, 4, 1, 'None', ''),
	(DEFAULT, 1753, 5, 7, 7, 1, 'None', ''),
	(DEFAULT, 1754, 2, 2, 1, 7, 'Fondant', ''),
	(DEFAULT, 1754, 4, 2, 2, 2, 'Frosting', ''),
	(DEFAULT, 1754, 5, 5, 5, 1, 'None', ''),
	(DEFAULT, 1755, 14, 1, 1, 1, 'None', ''),
	(DEFAULT, 1756, 7, 1, 1, 1, 'None', ''),
	(DEFAULT, 1756, 3, 2, 1, 2, 'Fondant', ''),
	(DEFAULT, 1756, 1, 5, 1, 5, 'Fondant', ''),
	(DEFAULT, 1757, 14, 1, 1, 1, 'None', ''),
	(DEFAULT, 1757, 1, 6, 6, 2, 'Frosting', ''),
	(DEFAULT, 1758, 5, 2, 2, 1, 'None', ''),
	(DEFAULT, 1758, 15, 1, 1, 1, 'None', ''),
	(DEFAULT, 1759, 14, 1, 1, 1, 'None', ''),
	(DEFAULT, 1759, 9, 2, 2, 1, 'None', ''),
	(DEFAULT, 1760, 14, 1, 1, 1, 'None', ''),
	(DEFAULT, 1760, 14, 1, 1, 1, 'None', ''),
	(DEFAULT, 1760, 15, 1, 1, 1, 'None', ''),
	(DEFAULT, 1761, 5, 2, 2, 1, 'None', ''),
	(DEFAULT, 1761, 3, 2, 2, 3, 'Frosting', ''),
	(DEFAULT, 1762, 5, 3, 3, 1, 'None', ''),
	(DEFAULT, 1762, 12, 2, 2, 1, 'None', ''),
	(DEFAULT, 1762, 2, 2, 2, 3, 'Frosting', ''),
	(DEFAULT, 1763, 5, 9, 9, 1, 'None', ''),
	(DEFAULT, 1764, 1, 2, 2, 2, 'Frosting', ''),
	(DEFAULT, 1765, 9, 6, 6, 1, 'None', ''),
	(DEFAULT, 1765, 9, 2, 2, 1, 'None', ''),
	(DEFAULT, 1765, 4, 2, 1, 5, 'Fondant', ''),
	(DEFAULT, 1766, 14, 1, 1, 1, 'None', ''),
	(DEFAULT, 1767, 14, 1, 1, 1, 'None', ''),
	(DEFAULT, 1767, 10, 2, 2, 1, 'None', ''),
	(DEFAULT, 1768, 14, 1, 1, 1, 'None', ''),
	(DEFAULT, 1768, 5, 2, 2, 1, 'None', ''),
	(DEFAULT, 1769, 15, 1, 1, 1, 'None', ''),
	(DEFAULT, 1769, 4, 2, 2, 6, 'Frosting', ''),
	(DEFAULT, 1769, 4, 2, 1, 2, 'Fondant', ''),
	(DEFAULT, 1770, 15, 1, 1, 1, 'None', ''),
	(DEFAULT, 1770, 14, 1, 1, 1, 'None', ''),
	(DEFAULT, 1771, 12, 10, 10, 1, 'None', ''),
	(DEFAULT, 1772, 5, 6, 6, 1, 'None', ''),
	(DEFAULT, 1773, 4, 10, 10, 3, 'Frosting', ''),
	(DEFAULT, 1774, 5, 2, 2, 1, 'None', ''),
	(DEFAULT, 1774, 4, 2, 1, 2, 'Fondant', ''),
	(DEFAULT, 1775, 7, 1, 1, 1, 'None', ''),
	(DEFAULT, 1776, 4, 2, 1, 6, 'Fondant', ''),
	(DEFAULT, 1776, 5, 2, 2, 1, 'None', ''),
	(DEFAULT, 1776, 3, 2, 1, 2, 'Fondant', ''),
	(DEFAULT, 1777, 4, 2, 1, 3, 'Fondant', ''),
	(DEFAULT, 1777, 3, 2, 1, 3, 'Fondant', ''),
	(DEFAULT, 1777, 12, 2, 2, 1, 'None', ''),
	(DEFAULT, 1778, 3, 2, 1, 4, 'Fondant', ''),
	(DEFAULT, 1778, 9, 2, 2, 1, 'None', ''),
	(DEFAULT, 1779, 2, 2, 1, 3, 'Fondant', ''),
	(DEFAULT, 1780, 2, 10, 1, 3, 'Fondant', ''),
	(DEFAULT, 1780, 4, 7, 7, 2, 'Frosting', ''),
	(DEFAULT, 1781, 3, 2, 2, 8, 'Frosting', ''),
	(DEFAULT, 1782, 9, 2, 2, 1, 'None', ''),
	(DEFAULT, 1782, 9, 2, 2, 1, 'None', ''),
	(DEFAULT, 1783, 3, 2, 2, 8, 'Frosting', ''),
	(DEFAULT, 1783, 4, 2, 1, 2, 'Fondant', ''),
	(DEFAULT, 1784, 15, 1, 1, 1, 'None', ''),
	(DEFAULT, 1784, 2, 2, 2, 2, 'Frosting', ''),
	(DEFAULT, 1786, 10, 2, 2, 1, 'None', ''),
	(DEFAULT, 1787, 1, 4, 4, 3, 'Frosting', ''),
	(DEFAULT, 1787, 1, 2, 1, 6, 'Fondant', ''),
	(DEFAULT, 1788, 5, 10, 10, 1, 'None', ''),
	(DEFAULT, 1789, 3, 2, 2, 3, 'Frosting', ''),
	(DEFAULT, 1789, 10, 2, 2, 1, 'None', ''),
	(DEFAULT, 1790, 7, 1, 1, 1, 'None', ''),
	(DEFAULT, 1791, 15, 1, 1, 1, 'None', ''),
	(DEFAULT, 1792, 12, 2, 2, 1, 'None', ''),
	(DEFAULT, 1792, 15, 1, 1, 1, 'None', ''),
	(DEFAULT, 1793, 9, 2, 5, 1, 'None', ''),
	(DEFAULT, 1793, 10, 3, 3, 1, 'None', ''),
	(DEFAULT, 1794, 4, 2, 1, 3, 'Fondant', ''),
	(DEFAULT, 1796, 1, 3, 2, 3, 'Frosting', ''),
	(DEFAULT, 1796, 5, 2, 2, 1, 'None', ''),
	(DEFAULT, 1797, 15, 1, 1, 1, 'None', ''),
	(DEFAULT, 1797, 14, 1, 1, 1, 'None', ''),
	(DEFAULT, 1798, 3, 2, 2, 2, 'Frosting', ''),
	(DEFAULT, 1798, 2, 2, 1, 3, 'Fondant', ''),
	(DEFAULT, 1799, 1, 2, 2, 2, 'Frosting', ''),
	(DEFAULT, 1799, 9, 2, 2, 1, 'None', ''),
	(DEFAULT, 1800, 2, 10, 1, 6, 'Fondant', ''),
	(DEFAULT, 1800, 12, 2, 2, 1, 'None', ''),
	(DEFAULT, 1801, 2, 2, 2, 2, 'Frosting', ''),
	(DEFAULT, 1801, 9, 2, 3, 1, 'None', ''),
	(DEFAULT, 1802, 1, 2, 1, 2, 'Fondant', ''),
	(DEFAULT, 1803, 5, 2, 2, 1, 'None', ''),
	(DEFAULT, 1803, 15, 1, 1, 1, 'None', ''),
	(DEFAULT, 1804, 15, 1, 1, 1, 'None', ''),
	(DEFAULT, 1804, 7, 1, 1, 1, 'None', ''),
	(DEFAULT, 1805, 2, 2, 2, 2, 'Frosting', ''),
	(DEFAULT, 1805, 2, 6, 1, 2, 'Fondant', ''),
	(DEFAULT, 1806, 10, 3, 3, 1, 'None', ''),
	(DEFAULT, 1807, 2, 5, 1, 3, 'Fondant', ''),
	(DEFAULT, 1808, 9, 2, 2, 1, 'None', ''),
	(DEFAULT, 1808, 4, 5, 1, 7, 'Fondant', ''),
	(DEFAULT, 1809, 9, 2, 2, 1, 'None', ''),
	(DEFAULT, 1810, 15, 1, 1, 1, 'None', ''),
	(DEFAULT, 1811, 1, 2, 2, 3, 'Frosting', ''),
	(DEFAULT, 1812, 12, 2, 2, 1, 'None', ''),
	(DEFAULT, 1812, 15, 1, 1, 1, 'None', ''),
	(DEFAULT, 1813, 5, 2, 2, 1, 'None', ''),
	(DEFAULT, 1813, 15, 1, 1, 1, 'None', ''),
	(DEFAULT, 1814, 4, 6, 1, 2, 'Fondant', ''),
	(DEFAULT, 1815, 3, 2, 2, 5, 'Frosting', ''),
	(DEFAULT, 1816, 5, 2, 2, 1, 'None', ''),
	(DEFAULT, 1816, 3, 8, 8, 4, 'Frosting', ''),
	(DEFAULT, 1816, 15, 1, 1, 1, 'None', ''),
	(DEFAULT, 1818, 10, 3, 2, 1, 'None', ''),
	(DEFAULT, 1819, 14, 1, 1, 1, 'None', ''),
	(DEFAULT, 1819, 5, 9, 9, 1, 'None', ''),
	(DEFAULT, 1819, 12, 2, 2, 1, 'None', ''),
	(DEFAULT, 1820, 15, 1, 1, 1, 'None', ''),
	(DEFAULT, 1821, 1, 5, 1, 2, 'Fondant', ''),
	(DEFAULT, 1822, 9, 2, 2, 1, 'None', ''),
	(DEFAULT, 1822, 3, 3, 3, 4, 'Frosting', ''),
	(DEFAULT, 1823, 4, 2, 2, 3, 'Frosting', ''),
	(DEFAULT, 1823, 14, 1, 1, 1, 'None', ''),
	(DEFAULT, 1825, 12, 2, 5, 1, 'None', ''),
	(DEFAULT, 1826, 3, 4, 1, 3, 'Fondant', ''),
	(DEFAULT, 1827, 5, 8, 8, 1, 'None', ''),
	(DEFAULT, 1827, 3, 4, 1, 3, 'Fondant', ''),
	(DEFAULT, 1828, 7, 1, 1, 1, 'None', ''),
	(DEFAULT, 1828, 15, 1, 1, 1, 'None', ''),
	(DEFAULT, 1829, 1, 2, 2, 2, 'Frosting', ''),
	(DEFAULT, 1829, 5, 2, 3, 1, 'None', ''),
	(DEFAULT, 1830, 15, 1, 1, 1, 'None', ''),
	(DEFAULT, 1831, 4, 2, 2, 2, 'Frosting', ''),
	(DEFAULT, 1832, 2, 5, 1, 8, 'Fondant', ''),
	(DEFAULT, 1832, 5, 2, 8, 1, 'None', ''),
	(DEFAULT, 1832, 4, 3, 1, 4, 'Fondant', ''),
	(DEFAULT, 1833, 1, 2, 2, 4, 'Frosting', ''),
	(DEFAULT, 1833, 4, 2, 2, 3, 'Frosting', ''),
	(DEFAULT, 1834, 1, 10, 10, 2, 'Frosting', ''),
	(DEFAULT, 1834, 4, 4, 4, 2, 'Frosting', ''),
	(DEFAULT, 1836, 2, 2, 1, 2, 'Fondant', ''),
	(DEFAULT, 1836, 9, 2, 2, 1, 'None', ''),
	(DEFAULT, 1837, 3, 2, 2, 4, 'Frosting', ''),
	(DEFAULT, 1837, 3, 4, 4, 2, 'Frosting', ''),
	(DEFAULT, 1837, 10, 2, 2, 1, 'None', ''),
	(DEFAULT, 1838, 3, 2, 1, 2, 'Fondant', ''),
	(DEFAULT, 1839, 4, 2, 1, 2, 'Fondant', ''),
	(DEFAULT, 1839, 5, 2, 2, 1, 'None', ''),
	(DEFAULT, 1840, 1, 2, 2, 3, 'Frosting', ''),
	(DEFAULT, 1840, 14, 1, 1, 1, 'None', ''),
	(DEFAULT, 1841, 15, 1, 1, 1, 'None', ''),
	(DEFAULT, 1842, 9, 2, 2, 1, 'None', ''),
	(DEFAULT, 1842, 14, 1, 1, 1, 'None', ''),
	(DEFAULT, 1842, 4, 2, 1, 3, 'Fondant', ''),
	(DEFAULT, 1843, 2, 2, 1, 2, 'Fondant', ''),
	(DEFAULT, 1844, 4, 5, 5, 4, 'Frosting', ''),
	(DEFAULT, 1844, 12, 3, 3, 1, 'None', ''),
	(DEFAULT, 1845, 12, 2, 2, 1, 'None', ''),
	(DEFAULT, 1845, 7, 1, 1, 1, 'None', ''),
	(DEFAULT, 1845, 9, 2, 2, 1, 'None', ''),
	(DEFAULT, 1846, 14, 1, 1, 1, 'None', ''),
	(DEFAULT, 1846, 5, 4, 4, 1, 'None', ''),
	(DEFAULT, 1847, 2, 3, 3, 8, 'Frosting', ''),
	(DEFAULT, 1847, 1, 2, 1, 3, 'Fondant', ''),
	(DEFAULT, 1848, 14, 1, 1, 1, 'None', ''),
	(DEFAULT, 1848, 9, 2, 2, 1, 'None', ''),
	(DEFAULT, 1848, 3, 2, 1, 2, 'Fondant', ''),
	(DEFAULT, 1849, 12, 10, 10, 1, 'None', ''),
	(DEFAULT, 1849, 14, 1, 1, 1, 'None', ''),
	(DEFAULT, 1850, 4, 2, 1, 5, 'Fondant', ''),
	(DEFAULT, 1850, 5, 4, 4, 1, 'None', ''),
	(DEFAULT, 1851, 12, 2, 2, 1, 'None', ''),
	(DEFAULT, 1852, 15, 1, 1, 1, 'None', ''),
	(DEFAULT, 1853, 5, 8, 8, 1, 'None', ''),
	(DEFAULT, 1853, 5, 2, 2, 1, 'None', ''),
	(DEFAULT, 1854, 5, 4, 4, 1, 'None', ''),
	(DEFAULT, 1854, 12, 2, 2, 1, 'None', ''),
	(DEFAULT, 1855, 5, 2, 2, 1, 'None', ''),
	(DEFAULT, 1856, 2, 2, 1, 2, 'Fondant', ''),
	(DEFAULT, 1857, 3, 2, 1, 3, 'Fondant', ''),
	(DEFAULT, 1858, 4, 3, 3, 3, 'Frosting', ''),
	(DEFAULT, 1858, 4, 2, 2, 3, 'Frosting', ''),
	(DEFAULT, 1858, 5, 5, 10, 1, 'None', ''),
	(DEFAULT, 1859, 3, 2, 2, 8, 'Frosting', ''),
	(DEFAULT, 1860, 7, 1, 1, 1, 'None', ''),
	(DEFAULT, 1860, 3, 2, 2, 6, 'Frosting', ''),
	(DEFAULT, 1861, 4, 2, 1, 3, 'Fondant', ''),
	(DEFAULT, 1862, 4, 2, 1, 3, 'Fondant', ''),
	(DEFAULT, 1863, 1, 2, 1, 6, 'Fondant', ''),
	(DEFAULT, 1863, 1, 4, 4, 3, 'Frosting', ''),
	(DEFAULT, 1865, 3, 2, 1, 2, 'Fondant', ''),
	(DEFAULT, 1865, 14, 1, 1, 1, 'None', ''),
	(DEFAULT, 1865, 1, 6, 1, 3, 'Fondant', ''),
	(DEFAULT, 1866, 3, 5, 2, 4, 'Frosting', ''),
	(DEFAULT, 1866, 9, 2, 2, 1, 'None', ''),
	(DEFAULT, 1866, 3, 2, 1, 6, 'Fondant', ''),
	(DEFAULT, 1867, 7, 1, 1, 1, 'None', ''),
	(DEFAULT, 1867, 15, 1, 1, 1, 'None', ''),
	(DEFAULT, 1868, 1, 2, 1, 2, 'Fondant', ''),
	(DEFAULT, 1868, 1, 2, 1, 3, 'Fondant', ''),
	(DEFAULT, 1869, 1, 4, 1, 3, 'Fondant', ''),
	(DEFAULT, 1870, 4, 2, 1, 4, 'Fondant', ''),
	(DEFAULT, 1871, 9, 3, 3, 1, 'None', ''),
	(DEFAULT, 1871, 9, 4, 4, 1, 'None', ''),
	(DEFAULT, 1872, 15, 1, 1, 1, 'None', ''),
	(DEFAULT, 1872, 1, 2, 2, 3, 'Frosting', ''),
	(DEFAULT, 1873, 1, 4, 4, 3, 'Frosting', ''),
	(DEFAULT, 1874, 9, 2, 10, 1, 'None', ''),
	(DEFAULT, 1875, 10, 2, 2, 1, 'None', ''),
	(DEFAULT, 1876, 7, 1, 1, 1, 'None', ''),
	(DEFAULT, 1876, 1, 2, 1, 6, 'Fondant', ''),
	(DEFAULT, 1877, 9, 5, 5, 1, 'None', ''),
	(DEFAULT, 1878, 4, 2, 1, 2, 'Fondant', ''),
	(DEFAULT, 1879, 4, 2, 1, 3, 'Fondant', ''),
	(DEFAULT, 1880, 15, 1, 1, 1, 'None', ''),
	(DEFAULT, 1880, 2, 2, 2, 2, 'Frosting', ''),
	(DEFAULT, 1881, 12, 2, 2, 1, 'None', ''),
	(DEFAULT, 1882, 15, 1, 1, 1, 'None', ''),
	(DEFAULT, 1882, 3, 7, 7, 8, 'Frosting', ''),
	(DEFAULT, 1883, 12, 2, 2, 1, 'None', ''),
	(DEFAULT, 1883, 1, 2, 1, 3, 'Fondant', ''),
	(DEFAULT, 1884, 9, 2, 2, 1, 'None', ''),
	(DEFAULT, 1885, 14, 1, 1, 1, 'None', ''),
	(DEFAULT, 1886, 1, 2, 2, 4, 'Frosting', ''),
	(DEFAULT, 1886, 5, 2, 2, 1, 'None', ''),
	(DEFAULT, 1887, 3, 6, 1, 2, 'Fondant', ''),
	(DEFAULT, 1887, 14, 1, 1, 1, 'None', ''),
	(DEFAULT, 1888, 15, 1, 1, 1, 'None', ''),
	(DEFAULT, 1888, 9, 2, 2, 1, 'None', ''),
	(DEFAULT, 1889, 2, 2, 2, 3, 'Frosting', ''),
	(DEFAULT, 1890, 1, 6, 1, 2, 'Fondant', ''),
	(DEFAULT, 1890, 2, 5, 1, 6, 'Fondant', ''),
	(DEFAULT, 1891, 2, 2, 1, 3, 'Fondant', ''),
	(DEFAULT, 1892, 4, 2, 1, 3, 'Fondant', ''),
	(DEFAULT, 1892, 5, 2, 2, 1, 'None', ''),
	(DEFAULT, 1893, 2, 2, 1, 2, 'Fondant', ''),
	(DEFAULT, 1894, 9, 5, 5, 1, 'None', ''),
	(DEFAULT, 1894, 1, 2, 1, 2, 'Fondant', ''),
	(DEFAULT, 1895, 14, 1, 1, 1, 'None', ''),
	(DEFAULT, 1895, 10, 2, 2, 1, 'None', ''),
	(DEFAULT, 1896, 1, 2, 2, 2, 'Frosting', ''),
	(DEFAULT, 1896, 2, 2, 2, 3, 'Frosting', ''),
	(DEFAULT, 1897, 9, 2, 2, 1, 'None', ''),
	(DEFAULT, 1898, 15, 1, 1, 1, 'None', ''),
	(DEFAULT, 1899, 15, 1, 1, 1, 'None', ''),
	(DEFAULT, 1899, 15, 1, 1, 1, 'None', ''),
	(DEFAULT, 1899, 7, 1, 1, 1, 'None', ''),
	(DEFAULT, 1900, 4, 2, 2, 3, 'Frosting', ''),
	(DEFAULT, 1900, 15, 1, 1, 1, 'None', ''),
	(DEFAULT, 1901, 1, 2, 2, 2, 'Frosting', ''),
	(DEFAULT, 1902, 12, 2, 2, 1, 'None', ''),
	(DEFAULT, 1902, 14, 1, 1, 1, 'None', ''),
	(DEFAULT, 1903, 3, 2, 2, 4, 'Frosting', ''),
	(DEFAULT, 1903, 12, 2, 6, 1, 'None', ''),
	(DEFAULT, 1903, 3, 2, 1, 2, 'Fondant', ''),
	(DEFAULT, 1904, 5, 9, 9, 1, 'None', ''),
	(DEFAULT, 1904, 9, 4, 4, 1, 'None', ''),
	(DEFAULT, 1905, 3, 2, 5, 2, 'Frosting', ''),
	(DEFAULT, 1905, 3, 2, 2, 3, 'Frosting', ''),
	(DEFAULT, 1906, 10, 2, 2, 1, 'None', ''),
	(DEFAULT, 1907, 4, 8, 8, 3, 'Frosting', ''),
	(DEFAULT, 1907, 9, 2, 2, 1, 'None', ''),
	(DEFAULT, 1908, 4, 2, 2, 4, 'Frosting', ''),
	(DEFAULT, 1908, 9, 2, 2, 1, 'None', ''),
	(DEFAULT, 1909, 15, 1, 1, 1, 'None', ''),
	(DEFAULT, 1910, 3, 2, 1, 5, 'Fondant', ''),
	(DEFAULT, 1910, 4, 3, 3, 6, 'Frosting', ''),
	(DEFAULT, 1911, 1, 2, 3, 6, 'Frosting', ''),
	(DEFAULT, 1912, 4, 2, 2, 2, 'Frosting', ''),
	(DEFAULT, 1912, 4, 2, 2, 6, 'Frosting', ''),
	(DEFAULT, 1913, 1, 2, 2, 3, 'Frosting', ''),
	(DEFAULT, 1915, 15, 1, 1, 1, 'None', ''),
	(DEFAULT, 1915, 3, 4, 1, 7, 'Fondant', ''),
	(DEFAULT, 1916, 3, 3, 1, 4, 'Fondant', ''),
	(DEFAULT, 1917, 4, 2, 2, 3, 'Frosting', ''),
	(DEFAULT, 1918, 15, 1, 1, 1, 'None', ''),
	(DEFAULT, 1918, 9, 4, 2, 1, 'None', ''),
	(DEFAULT, 1919, 4, 4, 4, 7, 'Frosting', ''),
	(DEFAULT, 1920, 1, 2, 2, 2, 'Frosting', ''),
	(DEFAULT, 1921, 9, 2, 2, 1, 'None', ''),
	(DEFAULT, 1921, 14, 1, 1, 1, 'None', ''),
	(DEFAULT, 1921, 1, 2, 1, 4, 'Fondant', ''),
	(DEFAULT, 1922, 3, 2, 2, 3, 'Frosting', ''),
	(DEFAULT, 1922, 14, 1, 1, 1, 'None', ''),
	(DEFAULT, 1923, 5, 2, 2, 1, 'None', ''),
	(DEFAULT, 1923, 9, 5, 5, 1, 'None', ''),
	(DEFAULT, 1924, 1, 2, 1, 2, 'Fondant', ''),
	(DEFAULT, 1924, 2, 5, 1, 5, 'Fondant', ''),
	(DEFAULT, 1925, 5, 2, 2, 1, 'None', ''),
	(DEFAULT, 1926, 15, 1, 1, 1, 'None', ''),
	(DEFAULT, 1926, 9, 2, 2, 1, 'None', ''),
	(DEFAULT, 1927, 14, 1, 1, 1, 'None', ''),
	(DEFAULT, 1928, 3, 2, 2, 6, 'Frosting', ''),
	(DEFAULT, 1928, 3, 2, 1, 2, 'Fondant', ''),
	(DEFAULT, 1929, 3, 2, 1, 2, 'Fondant', ''),
	(DEFAULT, 1930, 15, 1, 1, 1, 'None', ''),
	(DEFAULT, 1931, 9, 10, 10, 1, 'None', ''),
	(DEFAULT, 1932, 1, 2, 1, 4, 'Fondant', ''),
	(DEFAULT, 1932, 3, 2, 1, 3, 'Fondant', ''),
	(DEFAULT, 1933, 4, 2, 1, 3, 'Fondant', ''),
	(DEFAULT, 1934, 5, 2, 2, 1, 'None', ''),
	(DEFAULT, 1934, 3, 2, 2, 3, 'Frosting', ''),
	(DEFAULT, 1935, 15, 1, 1, 1, 'None', ''),
	(DEFAULT, 1936, 5, 2, 2, 1, 'None', ''),
	(DEFAULT, 1937, 3, 2, 2, 2, 'Frosting', ''),
	(DEFAULT, 1937, 2, 2, 2, 2, 'Frosting', ''),
	(DEFAULT, 1938, 4, 3, 3, 6, 'Frosting', ''),
	(DEFAULT, 1939, 4, 3, 1, 2, 'Fondant', ''),
	(DEFAULT, 1940, 10, 2, 2, 1, 'None', ''),
	(DEFAULT, 1941, 1, 2, 1, 3, 'Fondant', ''),
	(DEFAULT, 1941, 14, 1, 1, 1, 'None', ''),
	(DEFAULT, 1941, 14, 1, 1, 1, 'None', ''),
	(DEFAULT, 1943, 5, 2, 10, 1, 'None', ''),
	(DEFAULT, 1944, 2, 2, 1, 3, 'Fondant', ''),
	(DEFAULT, 1945, 5, 2, 2, 1, 'None', ''),
	(DEFAULT, 1945, 9, 2, 2, 1, 'None', ''),
	(DEFAULT, 1946, 10, 2, 2, 1, 'None', ''),
	(DEFAULT, 1947, 1, 2, 1, 2, 'Fondant', ''),
	(DEFAULT, 1948, 4, 2, 2, 3, 'Frosting', ''),
	(DEFAULT, 1950, 2, 3, 3, 7, 'Frosting', ''),
	(DEFAULT, 1951, 5, 2, 2, 1, 'None', ''),
	(DEFAULT, 1951, 14, 1, 1, 1, 'None', ''),
	(DEFAULT, 1952, 5, 2, 2, 1, 'None', ''),
	(DEFAULT, 1952, 10, 2, 2, 1, 'None', ''),
	(DEFAULT, 1953, 15, 1, 1, 1, 'None', ''),
	(DEFAULT, 1954, 10, 2, 2, 1, 'None', ''),
	(DEFAULT, 1954, 4, 10, 10, 5, 'Frosting', ''),
	(DEFAULT, 1955, 9, 2, 2, 1, 'None', ''),
	(DEFAULT, 1955, 9, 2, 2, 1, 'None', ''),
	(DEFAULT, 1957, 4, 2, 2, 2, 'Frosting', ''),
	(DEFAULT, 1957, 9, 2, 2, 1, 'None', ''),
	(DEFAULT, 1958, 9, 2, 2, 1, 'None', ''),
	(DEFAULT, 1958, 3, 7, 1, 3, 'Fondant', ''),
	(DEFAULT, 1958, 4, 2, 1, 2, 'Fondant', ''),
	(DEFAULT, 1959, 1, 10, 1, 6, 'Fondant', ''),
	(DEFAULT, 1959, 3, 2, 1, 8, 'Fondant', ''),
	(DEFAULT, 1959, 15, 1, 1, 1, 'None', ''),
	(DEFAULT, 1960, 2, 2, 2, 4, 'Frosting', ''),
	(DEFAULT, 1960, 2, 10, 1, 3, 'Fondant', ''),
	(DEFAULT, 1961, 3, 2, 1, 3, 'Fondant', ''),
	(DEFAULT, 1961, 9, 2, 2, 1, 'None', ''),
	(DEFAULT, 1962, 3, 5, 5, 3, 'Frosting', ''),
	(DEFAULT, 1962, 3, 2, 2, 3, 'Frosting', ''),
	(DEFAULT, 1963, 9, 9, 2, 1, 'None', ''),
	(DEFAULT, 1964, 2, 2, 1, 4, 'Fondant', ''),
	(DEFAULT, 1964, 14, 1, 1, 1, 'None', ''),
	(DEFAULT, 1965, 14, 1, 1, 1, 'None', ''),
	(DEFAULT, 1965, 9, 2, 2, 1, 'None', ''),
	(DEFAULT, 1966, 3, 10, 1, 2, 'Fondant', ''),
	(DEFAULT, 1967, 4, 7, 7, 2, 'Frosting', ''),
	(DEFAULT, 1967, 14, 1, 1, 1, 'None', ''),
	(DEFAULT, 1968, 4, 2, 1, 2, 'Fondant', ''),
	(DEFAULT, 1968, 4, 2, 2, 3, 'Frosting', ''),
	(DEFAULT, 1969, 5, 2, 2, 1, 'None', ''),
	(DEFAULT, 1969, 7, 1, 1, 1, 'None', ''),
	(DEFAULT, 1970, 4, 2, 1, 2, 'Fondant', ''),
	(DEFAULT, 1971, 5, 2, 2, 1, 'None', ''),
	(DEFAULT, 1972, 7, 1, 1, 1, 'None', ''),
	(DEFAULT, 1972, 4, 2, 2, 5, 'Frosting', ''),
	(DEFAULT, 1973, 2, 5, 1, 3, 'Fondant', ''),
	(DEFAULT, 1973, 14, 1, 1, 1, 'None', ''),
	(DEFAULT, 1974, 5, 9, 2, 1, 'None', ''),
	(DEFAULT, 1975, 4, 2, 1, 6, 'Fondant', ''),
	(DEFAULT, 1975, 14, 1, 1, 1, 'None', ''),
	(DEFAULT, 1976, 9, 4, 4, 1, 'None', ''),
	(DEFAULT, 1977, 4, 10, 10, 3, 'Frosting', ''),
	(DEFAULT, 1977, 14, 1, 1, 1, 'None', ''),
	(DEFAULT, 1978, 9, 2, 2, 1, 'None', ''),
	(DEFAULT, 1979, 7, 1, 1, 1, 'None', ''),
	(DEFAULT, 1979, 15, 1, 1, 1, 'None', ''),
	(DEFAULT, 1980, 3, 2, 1, 3, 'Fondant', ''),
	(DEFAULT, 1981, 1, 2, 2, 2, 'Frosting', ''),
	(DEFAULT, 1981, 15, 1, 1, 1, 'None', ''),
	(DEFAULT, 1982, 3, 2, 2, 2, 'Frosting', ''),
	(DEFAULT, 1983, 15, 1, 1, 1, 'None', ''),
	(DEFAULT, 1984, 2, 2, 1, 3, 'Fondant', ''),
	(DEFAULT, 1985, 14, 1, 1, 1, 'None', ''),
	(DEFAULT, 1985, 2, 5, 1, 4, 'Fondant', ''),
	(DEFAULT, 1986, 12, 2, 2, 1, 'None', ''),
	(DEFAULT, 1987, 1, 4, 4, 2, 'Frosting', ''),
	(DEFAULT, 1987, 2, 2, 2, 3, 'Frosting', ''),
	(DEFAULT, 1988, 5, 9, 9, 1, 'None', ''),
	(DEFAULT, 1988, 14, 1, 1, 1, 'None', ''),
	(DEFAULT, 1989, 2, 2, 1, 4, 'Fondant', ''),
	(DEFAULT, 1989, 2, 7, 7, 3, 'Frosting', ''),
	(DEFAULT, 1990, 7, 1, 1, 1, 'None', ''),
	(DEFAULT, 1991, 5, 2, 2, 1, 'None', ''),
	(DEFAULT, 1991, 2, 2, 2, 5, 'Frosting', ''),
	(DEFAULT, 1992, 5, 2, 2, 1, 'None', ''),
	(DEFAULT, 1993, 4, 8, 8, 3, 'Frosting', ''),
	(DEFAULT, 1994, 3, 6, 6, 2, 'Frosting', ''),
	(DEFAULT, 1994, 15, 1, 1, 1, 'None', ''),
	(DEFAULT, 1995, 12, 2, 2, 1, 'None', ''),
	(DEFAULT, 1995, 5, 2, 4, 1, 'None', ''),
	(DEFAULT, 1996, 14, 1, 1, 1, 'None', ''),
	(DEFAULT, 1998, 3, 10, 1, 2, 'Fondant', ''),
	(DEFAULT, 1999, 9, 4, 4, 1, 'None', ''),
	(DEFAULT, 2000, 7, 1, 1, 1, 'None', ''),
	(DEFAULT, 2000, 3, 2, 2, 7, 'Frosting', ''),
	(DEFAULT, 2001, 4, 2, 1, 5, 'Fondant', ''),
	(DEFAULT, 2002, 9, 4, 2, 1, 'None', ''),
	(DEFAULT, 2003, 4, 2, 1, 7, 'Fondant', ''),
	(DEFAULT, 2003, 10, 2, 2, 1, 'None', ''),
	(DEFAULT, 2003, 7, 1, 1, 1, 'None', ''),
	(DEFAULT, 2004, 15, 1, 1, 1, 'None', ''),
	(DEFAULT, 2004, 10, 2, 2, 1, 'None', ''),
	(DEFAULT, 2005, 5, 2, 6, 1, 'None', ''),
	(DEFAULT, 2006, 4, 2, 2, 7, 'Frosting', ''),
	(DEFAULT, 2006, 4, 5, 1, 5, 'Fondant', ''),
	(DEFAULT, 2008, 9, 2, 2, 1, 'None', ''),
	(DEFAULT, 2010, 2, 2, 2, 2, 'Frosting', ''),
	(DEFAULT, 2011, 2, 2, 2, 7, 'Frosting', ''),
	(DEFAULT, 2011, 3, 2, 2, 6, 'Frosting', ''),
	(DEFAULT, 2012, 2, 4, 4, 3, 'Frosting', ''),
	(DEFAULT, 2013, 5, 2, 2, 1, 'None', ''),
	(DEFAULT, 2014, 2, 8, 2, 4, 'Frosting', ''),
	(DEFAULT, 2015, 1, 2, 1, 2, 'Fondant', ''),
	(DEFAULT, 2016, 1, 2, 2, 3, 'Frosting', ''),
	(DEFAULT, 2016, 3, 6, 1, 2, 'Fondant', ''),
	(DEFAULT, 2017, 2, 2, 2, 3, 'Frosting', ''),
	(DEFAULT, 2018, 3, 9, 1, 2, 'Fondant', ''),
	(DEFAULT, 2019, 4, 2, 2, 2, 'Frosting', ''),
	(DEFAULT, 2019, 4, 2, 1, 3, 'Fondant', ''),
	(DEFAULT, 2020, 15, 1, 1, 1, 'None', ''),
	(DEFAULT, 2020, 10, 2, 2, 1, 'None', ''),
	(DEFAULT, 2020, 4, 2, 2, 2, 'Frosting', ''),
	(DEFAULT, 2021, 4, 2, 1, 3, 'Fondant', ''),
	(DEFAULT, 2021, 15, 1, 1, 1, 'None', ''),
	(DEFAULT, 2022, 5, 2, 2, 1, 'None', ''),
	(DEFAULT, 2023, 3, 2, 1, 3, 'Fondant', ''),
	(DEFAULT, 2023, 5, 2, 2, 1, 'None', ''),
	(DEFAULT, 2024, 1, 2, 1, 3, 'Fondant', ''),
	(DEFAULT, 2024, 12, 2, 2, 1, 'None', ''),
	(DEFAULT, 2025, 5, 3, 3, 1, 'None', ''),
	(DEFAULT, 2025, 3, 2, 2, 4, 'Frosting', ''),
	(DEFAULT, 2026, 3, 3, 1, 4, 'Fondant', ''),
	(DEFAULT, 2026, 4, 2, 1, 3, 'Fondant', ''),
	(DEFAULT, 2027, 14, 1, 1, 1, 'None', ''),
	(DEFAULT, 2027, 14, 1, 1, 1, 'None', ''),
	(DEFAULT, 2027, 3, 2, 1, 6, 'Fondant', ''),
	(DEFAULT, 2028, 3, 2, 2, 3, 'Frosting', ''),
	(DEFAULT, 2030, 12, 2, 2, 1, 'None', ''),
	(DEFAULT, 2030, 3, 2, 1, 3, 'Fondant', ''),
	(DEFAULT, 2031, 7, 1, 1, 1, 'None', ''),
	(DEFAULT, 2031, 4, 2, 2, 3, 'Frosting', ''),
	(DEFAULT, 2032, 3, 6, 6, 3, 'Frosting', ''),
	(DEFAULT, 2032, 4, 5, 1, 2, 'Fondant', ''),
	(DEFAULT, 2033, 4, 3, 3, 2, 'Frosting', ''),
	(DEFAULT, 2034, 9, 2, 2, 1, 'None', ''),
	(DEFAULT, 2035, 10, 6, 2, 1, 'None', ''),
	(DEFAULT, 2035, 12, 2, 2, 1, 'None', ''),
	(DEFAULT, 2036, 5, 4, 2, 1, 'None', ''),
	(DEFAULT, 2036, 14, 1, 1, 1, 'None', ''),
	(DEFAULT, 2037, 1, 4, 1, 3, 'Fondant', ''),
	(DEFAULT, 2038, 1, 10, 1, 2, 'Fondant', ''),
	(DEFAULT, 2039, 1, 2, 1, 8, 'Fondant', ''),
	(DEFAULT, 2040, 1, 2, 2, 3, 'Frosting', ''),
	(DEFAULT, 2040, 5, 2, 2, 1, 'None', ''),
	(DEFAULT, 2041, 4, 2, 2, 2, 'Frosting', ''),
	(DEFAULT, 2041, 1, 2, 1, 7, 'Fondant', ''),
	(DEFAULT, 2043, 4, 2, 2, 3, 'Frosting', ''),
	(DEFAULT, 2044, 3, 2, 2, 3, 'Frosting', ''),
	(DEFAULT, 2044, 7, 1, 1, 1, 'None', ''),
	(DEFAULT, 2045, 3, 2, 1, 4, 'Fondant', ''),
	(DEFAULT, 2045, 10, 2, 2, 1, 'None', ''),
	(DEFAULT, 2045, 3, 8, 2, 3, 'Frosting', ''),
	(DEFAULT, 2046, 10, 2, 2, 1, 'None', ''),
	(DEFAULT, 2046, 10, 6, 6, 1, 'None', ''),
	(DEFAULT, 2046, 7, 1, 1, 1, 'None', ''),
	(DEFAULT, 2047, 15, 1, 1, 1, 'None', ''),
	(DEFAULT, 2048, 3, 2, 2, 2, 'Frosting', ''),
	(DEFAULT, 2049, 9, 2, 2, 1, 'None', ''),
	(DEFAULT, 2049, 4, 2, 1, 2, 'Fondant', ''),
	(DEFAULT, 2049, 15, 1, 1, 1, 'None', ''),
	(DEFAULT, 2051, 1, 2, 2, 2, 'Frosting', ''),
	(DEFAULT, 2051, 3, 10, 10, 3, 'Frosting', ''),
	(DEFAULT, 2052, 9, 2, 2, 1, 'None', ''),
	(DEFAULT, 2052, 7, 1, 1, 1, 'None', ''),
	(DEFAULT, 2053, 1, 2, 2, 8, 'Frosting', ''),
	(DEFAULT, 2053, 9, 4, 4, 1, 'None', ''),
	(DEFAULT, 2054, 12, 4, 10, 1, 'None', ''),
	(DEFAULT, 2054, 5, 2, 2, 1, 'None', ''),
	(DEFAULT, 2055, 4, 2, 3, 5, 'Frosting', ''),
	(DEFAULT, 2056, 15, 1, 1, 1, 'None', ''),
	(DEFAULT, 2056, 3, 2, 2, 2, 'Frosting', ''),
	(DEFAULT, 2058, 14, 1, 1, 1, 'None', ''),
	(DEFAULT, 2059, 5, 2, 2, 1, 'None', ''),
	(DEFAULT, 2059, 15, 1, 1, 1, 'None', ''),
	(DEFAULT, 2060, 9, 2, 2, 1, 'None', ''),
	(DEFAULT, 2060, 1, 9, 9, 2, 'Frosting', ''),
	(DEFAULT, 2061, 5, 2, 2, 1, 'None', ''),
	(DEFAULT, 2061, 4, 7, 7, 3, 'Frosting', ''),
	(DEFAULT, 2062, 14, 1, 1, 1, 'None', ''),
	(DEFAULT, 2062, 12, 2, 2, 1, 'None', ''),
	(DEFAULT, 2063, 2, 2, 1, 2, 'Fondant', ''),
	(DEFAULT, 2064, 10, 10, 10, 1, 'None', ''),
	(DEFAULT, 2064, 3, 2, 2, 6, 'Frosting', ''),
	(DEFAULT, 2065, 4, 2, 1, 2, 'Fondant', ''),
	(DEFAULT, 2066, 9, 2, 2, 1, 'None', ''),
	(DEFAULT, 2066, 3, 2, 2, 2, 'Frosting', ''),
	(DEFAULT, 2066, 3, 2, 1, 2, 'Fondant', ''),
	(DEFAULT, 2067, 3, 2, 2, 8, 'Frosting', ''),
	(DEFAULT, 2068, 9, 5, 2, 1, 'None', ''),
	(DEFAULT, 2069, 2, 10, 10, 2, 'Frosting', ''),
	(DEFAULT, 2070, 3, 8, 1, 3, 'Fondant', ''),
	(DEFAULT, 2071, 12, 2, 2, 1, 'None', ''),
	(DEFAULT, 2072, 4, 2, 1, 6, 'Fondant', ''),
	(DEFAULT, 2072, 9, 2, 2, 1, 'None', ''),
	(DEFAULT, 2073, 3, 2, 2, 2, 'Frosting', ''),
	(DEFAULT, 2073, 3, 2, 1, 7, 'Fondant', ''),
	(DEFAULT, 2074, 7, 1, 1, 1, 'None', ''),
	(DEFAULT, 2074, 5, 2, 2, 1, 'None', ''),
	(DEFAULT, 2075, 7, 1, 1, 1, 'None', ''),
	(DEFAULT, 2076, 1, 2, 2, 8, 'Frosting', ''),
	(DEFAULT, 2076, 1, 2, 1, 2, 'Fondant', ''),
	(DEFAULT, 2078, 4, 6, 1, 3, 'Fondant', ''),
	(DEFAULT, 2078, 4, 10, 10, 2, 'Frosting', ''),
	(DEFAULT, 2078, 12, 5, 2, 1, 'None', ''),
	(DEFAULT, 2079, 5, 6, 2, 1, 'None', ''),
	(DEFAULT, 2080, 4, 2, 1, 3, 'Fondant', ''),
	(DEFAULT, 2081, 4, 4, 1, 3, 'Fondant', ''),
	(DEFAULT, 2081, 1, 2, 2, 3, 'Frosting', ''),
	(DEFAULT, 2082, 10, 2, 2, 1, 'None', ''),
	(DEFAULT, 2083, 5, 2, 2, 1, 'None', ''),
	(DEFAULT, 2083, 5, 2, 2, 1, 'None', ''),
	(DEFAULT, 2084, 4, 2, 1, 3, 'Fondant', ''),
	(DEFAULT, 2085, 7, 1, 1, 1, 'None', ''),
	(DEFAULT, 2085, 9, 2, 2, 1, 'None', ''),
	(DEFAULT, 2086, 3, 2, 1, 5, 'Fondant', ''),
	(DEFAULT, 2087, 14, 1, 1, 1, 'None', ''),
	(DEFAULT, 2087, 4, 2, 1, 3, 'Fondant', ''),
	(DEFAULT, 2087, 9, 2, 2, 1, 'None', ''),
	(DEFAULT, 2088, 3, 3, 2, 5, 'Frosting', ''),
	(DEFAULT, 2089, 15, 1, 1, 1, 'None', ''),
	(DEFAULT, 2090, 2, 3, 3, 5, 'Frosting', ''),
	(DEFAULT, 2090, 7, 1, 1, 1, 'None', ''),
	(DEFAULT, 2091, 15, 1, 1, 1, 'None', ''),
	(DEFAULT, 2091, 3, 2, 2, 3, 'Frosting', ''),
	(DEFAULT, 2092, 14, 1, 1, 1, 'None', ''),
	(DEFAULT, 2093, 4, 2, 1, 2, 'Fondant', ''),
	(DEFAULT, 2094, 5, 2, 2, 1, 'None', ''),
	(DEFAULT, 2094, 5, 2, 2, 1, 'None', ''),
	(DEFAULT, 2095, 5, 8, 8, 1, 'None', ''),
	(DEFAULT, 2095, 14, 1, 1, 1, 'None', ''),
	(DEFAULT, 2096, 15, 1, 1, 1, 'None', ''),
	(DEFAULT, 2097, 12, 2, 2, 1, 'None', ''),
	(DEFAULT, 2097, 4, 2, 2, 3, 'Frosting', ''),
	(DEFAULT, 2098, 3, 2, 1, 2, 'Fondant', ''),
	(DEFAULT, 2098, 3, 2, 2, 2, 'Frosting', ''),
	(DEFAULT, 2099, 5, 2, 2, 1, 'None', ''),
	(DEFAULT, 2099, 9, 2, 2, 1, 'None', ''),
	(DEFAULT, 2100, 1, 2, 2, 2, 'Frosting', ''),
	(DEFAULT, 2101, 4, 2, 2, 3, 'Frosting', ''),
	(DEFAULT, 2102, 3, 6, 1, 3, 'Fondant', ''),
	(DEFAULT, 2102, 3, 2, 1, 3, 'Fondant', ''),
	(DEFAULT, 2103, 14, 1, 1, 1, 'None', ''),
	(DEFAULT, 2104, 4, 2, 1, 2, 'Fondant', ''),
	(DEFAULT, 2105, 5, 2, 2, 1, 'None', ''),
	(DEFAULT, 2105, 7, 1, 1, 1, 'None', ''),
	(DEFAULT, 2106, 1, 2, 1, 3, 'Fondant', ''),
	(DEFAULT, 2107, 1, 3, 3, 7, 'Frosting', ''),
	(DEFAULT, 2107, 12, 3, 7, 1, 'None', ''),
	(DEFAULT, 2108, 15, 1, 1, 1, 'None', ''),
	(DEFAULT, 2108, 5, 2, 2, 1, 'None', ''),
	(DEFAULT, 2108, 9, 2, 3, 1, 'None', ''),
	(DEFAULT, 2109, 9, 5, 5, 1, 'None', ''),
	(DEFAULT, 2109, 14, 1, 1, 1, 'None', ''),
	(DEFAULT, 2110, 3, 2, 1, 6, 'Fondant', ''),
	(DEFAULT, 2111, 1, 3, 3, 3, 'Frosting', ''),
	(DEFAULT, 2111, 14, 1, 1, 1, 'None', ''),
	(DEFAULT, 2112, 9, 2, 2, 1, 'None', ''),
	(DEFAULT, 2112, 10, 2, 8, 1, 'None', ''),
	(DEFAULT, 2113, 1, 2, 2, 5, 'Frosting', ''),
	(DEFAULT, 2113, 1, 3, 2, 3, 'Frosting', ''),
	(DEFAULT, 2114, 12, 2, 2, 1, 'None', ''),
	(DEFAULT, 2116, 2, 4, 1, 5, 'Fondant', ''),
	(DEFAULT, 2117, 1, 2, 1, 4, 'Fondant', ''),
	(DEFAULT, 2117, 3, 3, 1, 7, 'Fondant', ''),
	(DEFAULT, 2117, 4, 2, 1, 6, 'Fondant', ''),
	(DEFAULT, 2118, 15, 1, 1, 1, 'None', ''),
	(DEFAULT, 2118, 12, 2, 2, 1, 'None', ''),
	(DEFAULT, 2119, 4, 2, 2, 3, 'Frosting', ''),
	(DEFAULT, 2120, 4, 5, 5, 7, 'Frosting', ''),
	(DEFAULT, 2120, 9, 7, 7, 1, 'None', ''),
	(DEFAULT, 2121, 4, 4, 1, 3, 'Fondant', ''),
	(DEFAULT, 2121, 15, 1, 1, 1, 'None', ''),
	(DEFAULT, 2122, 12, 2, 2, 1, 'None', ''),
	(DEFAULT, 2123, 15, 1, 1, 1, 'None', ''),
	(DEFAULT, 2124, 5, 2, 2, 1, 'None', ''),
	(DEFAULT, 2125, 5, 7, 7, 1, 'None', ''),
	(DEFAULT, 2126, 7, 1, 1, 1, 'None', ''),
	(DEFAULT, 2126, 9, 2, 2, 1, 'None', ''),
	(DEFAULT, 2127, 9, 6, 6, 1, 'None', ''),
	(DEFAULT, 2128, 4, 2, 2, 3, 'Frosting', ''),
	(DEFAULT, 2128, 14, 1, 1, 1, 'None', ''),
	(DEFAULT, 2129, 15, 1, 1, 1, 'None', ''),
	(DEFAULT, 2129, 15, 1, 1, 1, 'None', ''),
	(DEFAULT, 2130, 1, 2, 2, 3, 'Frosting', ''),
	(DEFAULT, 2131, 12, 2, 2, 1, 'None', ''),
	(DEFAULT, 2132, 9, 9, 9, 1, 'None', ''),
	(DEFAULT, 2133, 12, 2, 2, 1, 'None', ''),
	(DEFAULT, 2133, 3, 5, 1, 2, 'Fondant', ''),
	(DEFAULT, 2134, 1, 9, 1, 7, 'Fondant', ''),
	(DEFAULT, 2134, 2, 2, 1, 4, 'Fondant', ''),
	(DEFAULT, 2135, 5, 2, 2, 1, 'None', ''),
	(DEFAULT, 2135, 9, 2, 2, 1, 'None', ''),
	(DEFAULT, 2136, 15, 1, 1, 1, 'None', ''),
	(DEFAULT, 2136, 4, 2, 1, 4, 'Fondant', ''),
	(DEFAULT, 2137, 3, 5, 5, 3, 'Frosting', ''),
	(DEFAULT, 2137, 4, 2, 2, 2, 'Frosting', ''),
	(DEFAULT, 2138, 1, 2, 1, 3, 'Fondant', ''),
	(DEFAULT, 2138, 2, 4, 1, 2, 'Fondant', ''),
	(DEFAULT, 2141, 15, 1, 1, 1, 'None', ''),
	(DEFAULT, 2141, 9, 10, 2, 1, 'None', ''),
	(DEFAULT, 2142, 1, 2, 1, 4, 'Fondant', ''),
	(DEFAULT, 2143, 3, 3, 3, 2, 'Frosting', ''),
	(DEFAULT, 2144, 3, 2, 1, 2, 'Fondant', ''),
	(DEFAULT, 2144, 5, 2, 2, 1, 'None', ''),
	(DEFAULT, 2145, 14, 1, 1, 1, 'None', ''),
	(DEFAULT, 2145, 3, 2, 2, 2, 'Frosting', ''),
	(DEFAULT, 2146, 3, 8, 1, 3, 'Fondant', ''),
	(DEFAULT, 2146, 3, 5, 1, 3, 'Fondant', ''),
	(DEFAULT, 2146, 4, 2, 2, 3, 'Frosting', ''),
	(DEFAULT, 2147, 3, 2, 1, 6, 'Fondant', ''),
	(DEFAULT, 2147, 4, 6, 1, 3, 'Fondant', ''),
	(DEFAULT, 2148, 3, 3, 1, 4, 'Fondant', ''),
	(DEFAULT, 2149, 2, 2, 2, 3, 'Frosting', ''),
	(DEFAULT, 2149, 3, 2, 2, 4, 'Frosting', ''),
	(DEFAULT, 2150, 14, 1, 1, 1, 'None', ''),
	(DEFAULT, 2150, 4, 2, 2, 6, 'Frosting', ''),
	(DEFAULT, 2150, 4, 2, 2, 2, 'Frosting', ''),
	(DEFAULT, 2151, 15, 1, 1, 1, 'None', ''),
	(DEFAULT, 2151, 15, 1, 1, 1, 'None', ''),
	(DEFAULT, 2152, 3, 2, 1, 3, 'Fondant', ''),
	(DEFAULT, 2152, 12, 10, 10, 1, 'None', ''),
	(DEFAULT, 2153, 15, 1, 1, 1, 'None', ''),
	(DEFAULT, 2154, 4, 2, 1, 2, 'Fondant', ''),
	(DEFAULT, 2154, 14, 1, 1, 1, 'None', ''),
	(DEFAULT, 2155, 5, 2, 4, 1, 'None', ''),
	(DEFAULT, 2155, 3, 2, 1, 3, 'Fondant', ''),
	(DEFAULT, 2155, 3, 2, 1, 2, 'Fondant', ''),
	(DEFAULT, 2156, 15, 1, 1, 1, 'None', ''),
	(DEFAULT, 2156, 9, 2, 2, 1, 'None', ''),
	(DEFAULT, 2157, 14, 1, 1, 1, 'None', ''),
	(DEFAULT, 2158, 15, 1, 1, 1, 'None', ''),
	(DEFAULT, 2158, 4, 2, 1, 7, 'Fondant', ''),
	(DEFAULT, 2158, 3, 2, 2, 8, 'Frosting', ''),
	(DEFAULT, 2159, 14, 1, 1, 1, 'None', ''),
	(DEFAULT, 2160, 4, 2, 2, 2, 'Frosting', ''),
	(DEFAULT, 2161, 3, 2, 2, 4, 'Frosting', ''),
	(DEFAULT, 2161, 15, 1, 1, 1, 'None', ''),
	(DEFAULT, 2161, 14, 1, 1, 1, 'None', ''),
	(DEFAULT, 2162, 14, 1, 1, 1, 'None', ''),
	(DEFAULT, 2162, 1, 2, 1, 6, 'Fondant', ''),
	(DEFAULT, 2163, 3, 2, 1, 3, 'Fondant', ''),
	(DEFAULT, 2163, 4, 2, 2, 2, 'Frosting', ''),
	(DEFAULT, 2164, 5, 2, 2, 1, 'None', ''),
	(DEFAULT, 2166, 4, 2, 2, 4, 'Frosting', ''),
	(DEFAULT, 2166, 4, 7, 7, 2, 'Frosting', ''),
	(DEFAULT, 2167, 9, 2, 2, 1, 'None', ''),
	(DEFAULT, 2168, 4, 2, 1, 6, 'Fondant', ''),
	(DEFAULT, 2168, 5, 8, 5, 1, 'None', ''),
	(DEFAULT, 2169, 3, 2, 1, 3, 'Fondant', ''),
	(DEFAULT, 2169, 4, 9, 1, 8, 'Fondant', ''),
	(DEFAULT, 2169, 4, 7, 1, 3, 'Fondant', ''),
	(DEFAULT, 2170, 7, 1, 1, 1, 'None', ''),
	(DEFAULT, 2170, 4, 2, 2, 7, 'Frosting', ''),
	(DEFAULT, 2171, 1, 2, 2, 2, 'Frosting', ''),
	(DEFAULT, 2171, 15, 1, 1, 1, 'None', ''),
	(DEFAULT, 2172, 4, 5, 1, 3, 'Fondant', ''),
	(DEFAULT, 2172, 5, 2, 2, 1, 'None', ''),
	(DEFAULT, 2173, 12, 2, 2, 1, 'None', ''),
	(DEFAULT, 2174, 4, 2, 2, 6, 'Frosting', ''),
	(DEFAULT, 2175, 14, 1, 1, 1, 'None', ''),
	(DEFAULT, 2175, 4, 9, 2, 2, 'Frosting', ''),
	(DEFAULT, 2176, 3, 8, 8, 2, 'Frosting', ''),
	(DEFAULT, 2176, 15, 1, 1, 1, 'None', ''),
	(DEFAULT, 2177, 7, 1, 1, 1, 'None', ''),
	(DEFAULT, 2177, 15, 1, 1, 1, 'None', ''),
	(DEFAULT, 2178, 12, 3, 3, 1, 'None', ''),
	(DEFAULT, 2179, 9, 6, 6, 1, 'None', ''),
	(DEFAULT, 2180, 15, 1, 1, 1, 'None', ''),
	(DEFAULT, 2180, 2, 4, 1, 2, 'Fondant', ''),
	(DEFAULT, 2180, 14, 1, 1, 1, 'None', ''),
	(DEFAULT, 2181, 4, 3, 1, 2, 'Fondant', ''),
	(DEFAULT, 2182, 15, 1, 1, 1, 'None', ''),
	(DEFAULT, 2182, 9, 4, 4, 1, 'None', ''),
	(DEFAULT, 2183, 3, 3, 3, 8, 'Frosting', ''),
	(DEFAULT, 2184, 5, 2, 2, 1, 'None', ''),
	(DEFAULT, 2186, 15, 1, 1, 1, 'None', ''),
	(DEFAULT, 2186, 1, 2, 2, 7, 'Frosting', ''),
	(DEFAULT, 2186, 4, 2, 2, 2, 'Frosting', ''),
	(DEFAULT, 2187, 2, 2, 2, 5, 'Frosting', ''),
	(DEFAULT, 2189, 14, 1, 1, 1, 'None', ''),
	(DEFAULT, 2189, 15, 1, 1, 1, 'None', ''),
	(DEFAULT, 2190, 5, 2, 6, 1, 'None', ''),
	(DEFAULT, 2190, 4, 2, 2, 3, 'Frosting', ''),
	(DEFAULT, 2191, 14, 1, 1, 1, 'None', ''),
	(DEFAULT, 2191, 7, 1, 1, 1, 'None', ''),
	(DEFAULT, 2192, 5, 2, 3, 1, 'None', ''),
	(DEFAULT, 2193, 15, 1, 1, 1, 'None', ''),
	(DEFAULT, 2193, 9, 2, 2, 1, 'None', ''),
	(DEFAULT, 2194, 5, 2, 2, 1, 'None', ''),
	(DEFAULT, 2194, 1, 2, 2, 3, 'Frosting', ''),
	(DEFAULT, 2195, 4, 2, 1, 5, 'Fondant', ''),
	(DEFAULT, 2195, 15, 1, 1, 1, 'None', ''),
	(DEFAULT, 2196, 4, 2, 2, 5, 'Frosting', ''),
	(DEFAULT, 2197, 4, 2, 2, 2, 'Frosting', ''),
	(DEFAULT, 2197, 15, 1, 1, 1, 'None', ''),
	(DEFAULT, 2198, 3, 7, 1, 4, 'Fondant', ''),
	(DEFAULT, 2198, 7, 1, 1, 1, 'None', ''),
	(DEFAULT, 2200, 3, 2, 2, 6, 'Frosting', ''),
	(DEFAULT, 2200, 5, 4, 4, 1, 'None', ''),
	(DEFAULT, 2201, 2, 2, 2, 2, 'Frosting', ''),
	(DEFAULT, 2201, 2, 2, 2, 4, 'Frosting', ''),
	(DEFAULT, 2202, 9, 2, 2, 1, 'None', ''),
	(DEFAULT, 2203, 3, 10, 10, 2, 'Frosting', ''),
	(DEFAULT, 2203, 14, 1, 1, 1, 'None', ''),
	(DEFAULT, 2204, 1, 3, 1, 3, 'Fondant', ''),
	(DEFAULT, 2204, 4, 2, 2, 4, 'Frosting', ''),
	(DEFAULT, 2204, 12, 2, 2, 1, 'None', ''),
	(DEFAULT, 2205, 9, 2, 2, 1, 'None', ''),
	(DEFAULT, 2207, 1, 2, 1, 3, 'Fondant', ''),
	(DEFAULT, 2207, 2, 2, 2, 3, 'Frosting', ''),
	(DEFAULT, 2208, 3, 3, 1, 3, 'Fondant', ''),
	(DEFAULT, 2208, 3, 4, 1, 4, 'Fondant', ''),
	(DEFAULT, 2209, 3, 8, 2, 3, 'Frosting', ''),
	(DEFAULT, 2210, 14, 1, 1, 1, 'None', ''),
	(DEFAULT, 2211, 3, 2, 10, 6, 'Frosting', ''),
	(DEFAULT, 2212, 4, 9, 1, 3, 'Fondant', ''),
	(DEFAULT, 2212, 7, 1, 1, 1, 'None', ''),
	(DEFAULT, 2213, 5, 2, 2, 1, 'None', ''),
	(DEFAULT, 2214, 4, 2, 2, 2, 'Frosting', ''),
	(DEFAULT, 2214, 3, 2, 2, 2, 'Frosting', ''),
	(DEFAULT, 2215, 14, 1, 1, 1, 'None', ''),
	(DEFAULT, 2216, 9, 7, 7, 1, 'None', ''),
	(DEFAULT, 2217, 4, 2, 2, 4, 'Frosting', ''),
	(DEFAULT, 2217, 14, 1, 1, 1, 'None', ''),
	(DEFAULT, 2218, 10, 2, 2, 1, 'None', ''),
	(DEFAULT, 2218, 3, 2, 1, 2, 'Fondant', ''),
	(DEFAULT, 2219, 9, 2, 2, 1, 'None', ''),
	(DEFAULT, 2219, 9, 5, 5, 1, 'None', ''),
	(DEFAULT, 2220, 14, 1, 1, 1, 'None', ''),
	(DEFAULT, 2220, 4, 2, 1, 2, 'Fondant', ''),
	(DEFAULT, 2221, 9, 10, 10, 1, 'None', ''),
	(DEFAULT, 2222, 5, 2, 2, 1, 'None', ''),
	(DEFAULT, 2222, 15, 1, 1, 1, 'None', ''),
	(DEFAULT, 2223, 4, 2, 4, 3, 'Frosting', ''),
	(DEFAULT, 2223, 3, 2, 2, 4, 'Frosting', ''),
	(DEFAULT, 2224, 3, 2, 1, 2, 'Fondant', ''),
	(DEFAULT, 2225, 4, 6, 1, 2, 'Fondant', ''),
	(DEFAULT, 2225, 14, 1, 1, 1, 'None', ''),
	(DEFAULT, 2226, 14, 1, 1, 1, 'None', ''),
	(DEFAULT, 2227, 15, 1, 1, 1, 'None', ''),
	(DEFAULT, 2228, 2, 2, 1, 8, 'Fondant', ''),
	(DEFAULT, 2228, 14, 1, 1, 1, 'None', ''),
	(DEFAULT, 2229, 2, 2, 2, 2, 'Frosting', ''),
	(DEFAULT, 2229, 4, 2, 2, 6, 'Frosting', ''),
	(DEFAULT, 2231, 5, 10, 10, 1, 'None', ''),
	(DEFAULT, 2231, 3, 10, 1, 2, 'Fondant', ''),
	(DEFAULT, 2232, 9, 9, 9, 1, 'None', ''),
	(DEFAULT, 2232, 2, 6, 6, 3, 'Frosting', ''),
	(DEFAULT, 2233, 5, 2, 4, 1, 'None', ''),
	(DEFAULT, 2233, 14, 1, 1, 1, 'None', ''),
	(DEFAULT, 2234, 15, 1, 1, 1, 'None', ''),
	(DEFAULT, 2234, 9, 2, 2, 1, 'None', ''),
	(DEFAULT, 2235, 1, 6, 1, 3, 'Fondant', ''),
	(DEFAULT, 2236, 7, 1, 1, 1, 'None', ''),
	(DEFAULT, 2236, 10, 2, 2, 1, 'None', ''),
	(DEFAULT, 2236, 3, 2, 5, 3, 'Frosting', ''),
	(DEFAULT, 2237, 14, 1, 1, 1, 'None', ''),
	(DEFAULT, 2237, 10, 2, 2, 1, 'None', ''),
	(DEFAULT, 2238, 15, 1, 1, 1, 'None', ''),
	(DEFAULT, 2238, 2, 2, 1, 2, 'Fondant', ''),
	(DEFAULT, 2238, 3, 2, 2, 2, 'Frosting', ''),
	(DEFAULT, 2239, 1, 2, 2, 6, 'Frosting', ''),
	(DEFAULT, 2239, 14, 1, 1, 1, 'None', ''),
	(DEFAULT, 2240, 15, 1, 1, 1, 'None', ''),
	(DEFAULT, 2241, 15, 1, 1, 1, 'None', ''),
	(DEFAULT, 2241, 9, 2, 2, 1, 'None', ''),
	(DEFAULT, 2242, 7, 1, 1, 1, 'None', ''),
	(DEFAULT, 2242, 15, 1, 1, 1, 'None', ''),
	(DEFAULT, 2242, 3, 4, 4, 7, 'Frosting', ''),
	(DEFAULT, 2243, 14, 1, 1, 1, 'None', ''),
	(DEFAULT, 2244, 4, 2, 2, 2, 'Frosting', ''),
	(DEFAULT, 2245, 15, 1, 1, 1, 'None', ''),
	(DEFAULT, 2245, 4, 2, 1, 3, 'Fondant', ''),
	(DEFAULT, 2246, 2, 3, 3, 6, 'Frosting', ''),
	(DEFAULT, 2246, 4, 2, 1, 5, 'Fondant', ''),
	(DEFAULT, 2247, 9, 2, 2, 1, 'None', ''),
	(DEFAULT, 2247, 4, 2, 2, 6, 'Frosting', ''),
	(DEFAULT, 2248, 1, 2, 2, 2, 'Frosting', ''),
	(DEFAULT, 2249, 9, 7, 7, 1, 'None', ''),
	(DEFAULT, 2249, 2, 2, 1, 4, 'Fondant', ''),
	(DEFAULT, 2250, 3, 2, 1, 3, 'Fondant', ''),
	(DEFAULT, 2251, 5, 2, 2, 1, 'None', ''),
	(DEFAULT, 2252, 12, 2, 2, 1, 'None', ''),
	(DEFAULT, 2253, 7, 1, 1, 1, 'None', ''),
	(DEFAULT, 2253, 4, 2, 1, 2, 'Fondant', ''),
	(DEFAULT, 2254, 9, 2, 2, 1, 'None', ''),
	(DEFAULT, 2256, 3, 2, 1, 8, 'Fondant', ''),
	(DEFAULT, 2256, 1, 10, 1, 4, 'Fondant', ''),
	(DEFAULT, 2257, 14, 1, 1, 1, 'None', ''),
	(DEFAULT, 2257, 9, 2, 2, 1, 'None', ''),
	(DEFAULT, 2258, 7, 1, 1, 1, 'None', ''),
	(DEFAULT, 2260, 15, 1, 1, 1, 'None', ''),
	(DEFAULT, 2260, 3, 2, 4, 5, 'Frosting', ''),
	(DEFAULT, 2260, 15, 1, 1, 1, 'None', ''),
	(DEFAULT, 2262, 1, 10, 10, 3, 'Frosting', ''),
	(DEFAULT, 2263, 3, 2, 2, 2, 'Frosting', ''),
	(DEFAULT, 2263, 15, 1, 1, 1, 'None', ''),
	(DEFAULT, 2263, 3, 2, 1, 3, 'Fondant', ''),
	(DEFAULT, 2264, 9, 2, 2, 1, 'None', ''),
	(DEFAULT, 2264, 15, 1, 1, 1, 'None', ''),
	(DEFAULT, 2265, 5, 4, 4, 1, 'None', ''),
	(DEFAULT, 2265, 1, 2, 1, 3, 'Fondant', ''),
	(DEFAULT, 2266, 15, 1, 1, 1, 'None', ''),
	(DEFAULT, 2266, 1, 2, 1, 2, 'Fondant', ''),
	(DEFAULT, 2267, 9, 2, 2, 1, 'None', ''),
	(DEFAULT, 2268, 2, 3, 3, 2, 'Frosting', ''),
	(DEFAULT, 2268, 4, 2, 1, 3, 'Fondant', ''),
	(DEFAULT, 2268, 5, 2, 2, 1, 'None', ''),
	(DEFAULT, 2269, 10, 2, 2, 1, 'None', ''),
	(DEFAULT, 2270, 3, 2, 1, 2, 'Fondant', ''),
	(DEFAULT, 2270, 1, 5, 2, 2, 'Frosting', ''),
	(DEFAULT, 2271, 2, 2, 1, 6, 'Fondant', ''),
	(DEFAULT, 2272, 3, 2, 1, 3, 'Fondant', ''),
	(DEFAULT, 2272, 3, 2, 1, 2, 'Fondant', ''),
	(DEFAULT, 2273, 1, 2, 2, 2, 'Frosting', ''),
	(DEFAULT, 2274, 2, 2, 1, 3, 'Fondant', ''),
	(DEFAULT, 2274, 1, 10, 1, 6, 'Fondant', ''),
	(DEFAULT, 2275, 9, 2, 2, 1, 'None', ''),
	(DEFAULT, 2276, 5, 2, 2, 1, 'None', ''),
	(DEFAULT, 2279, 5, 2, 2, 1, 'None', ''),
	(DEFAULT, 2280, 14, 1, 1, 1, 'None', ''),
	(DEFAULT, 2280, 3, 5, 7, 3, 'Frosting', ''),
	(DEFAULT, 2281, 15, 1, 1, 1, 'None', ''),
	(DEFAULT, 2282, 4, 7, 1, 3, 'Fondant', ''),
	(DEFAULT, 2282, 2, 2, 1, 4, 'Fondant', ''),
	(DEFAULT, 2283, 1, 10, 1, 6, 'Fondant', ''),
	(DEFAULT, 2283, 15, 1, 1, 1, 'None', ''),
	(DEFAULT, 2284, 4, 9, 2, 4, 'Frosting', ''),
	(DEFAULT, 2285, 2, 2, 2, 4, 'Frosting', ''),
	(DEFAULT, 2285, 1, 10, 1, 6, 'Fondant', ''),
	(DEFAULT, 2286, 7, 1, 1, 1, 'None', ''),
	(DEFAULT, 2287, 1, 8, 8, 4, 'Frosting', ''),
	(DEFAULT, 2287, 3, 2, 1, 2, 'Fondant', ''),
	(DEFAULT, 2288, 15, 1, 1, 1, 'None', ''),
	(DEFAULT, 2288, 14, 1, 1, 1, 'None', ''),
	(DEFAULT, 2289, 4, 7, 1, 6, 'Fondant', ''),
	(DEFAULT, 2290, 7, 1, 1, 1, 'None', ''),
	(DEFAULT, 2291, 12, 2, 2, 1, 'None', ''),
	(DEFAULT, 2292, 15, 1, 1, 1, 'None', ''),
	(DEFAULT, 2293, 1, 2, 2, 4, 'Frosting', ''),
	(DEFAULT, 2293, 5, 2, 2, 1, 'None', ''),
	(DEFAULT, 2294, 4, 2, 1, 6, 'Fondant', ''),
	(DEFAULT, 2295, 3, 2, 1, 2, 'Fondant', ''),
	(DEFAULT, 2296, 15, 1, 1, 1, 'None', ''),
	(DEFAULT, 2297, 9, 2, 2, 1, 'None', ''),
	(DEFAULT, 2298, 5, 2, 2, 1, 'None', ''),
	(DEFAULT, 2298, 7, 1, 1, 1, 'None', ''),
	(DEFAULT, 2299, 1, 2, 2, 2, 'Frosting', ''),
	(DEFAULT, 2300, 4, 2, 1, 2, 'Fondant', ''),
	(DEFAULT, 2301, 3, 10, 10, 3, 'Frosting', ''),
	(DEFAULT, 2301, 4, 5, 5, 3, 'Frosting', ''),
	(DEFAULT, 2302, 3, 2, 2, 4, 'Frosting', ''),
	(DEFAULT, 2303, 3, 2, 1, 4, 'Fondant', ''),
	(DEFAULT, 2303, 4, 2, 1, 3, 'Fondant', ''),
	(DEFAULT, 2304, 9, 2, 2, 1, 'None', ''),
	(DEFAULT, 2305, 5, 2, 2, 1, 'None', ''),
	(DEFAULT, 2305, 4, 2, 1, 7, 'Fondant', ''),
	(DEFAULT, 2306, 15, 1, 1, 1, 'None', ''),
	(DEFAULT, 2307, 4, 2, 1, 8, 'Fondant', ''),
	(DEFAULT, 2307, 4, 2, 2, 3, 'Frosting', ''),
	(DEFAULT, 2309, 1, 2, 2, 3, 'Frosting', ''),
	(DEFAULT, 2311, 9, 2, 4, 1, 'None', ''),
	(DEFAULT, 2312, 14, 1, 1, 1, 'None', ''),
	(DEFAULT, 2313, 4, 2, 1, 3, 'Fondant', ''),
	(DEFAULT, 2313, 3, 2, 2, 2, 'Frosting', ''),
	(DEFAULT, 2314, 14, 1, 1, 1, 'None', ''),
	(DEFAULT, 2315, 14, 1, 1, 1, 'None', ''),
	(DEFAULT, 2316, 15, 1, 1, 1, 'None', ''),
	(DEFAULT, 2317, 5, 3, 3, 1, 'None', ''),
	(DEFAULT, 2317, 1, 2, 2, 3, 'Frosting', ''),
	(DEFAULT, 2318, 5, 2, 2, 1, 'None', ''),
	(DEFAULT, 2319, 3, 4, 1, 6, 'Fondant', ''),
	(DEFAULT, 2319, 4, 2, 1, 3, 'Fondant', ''),
	(DEFAULT, 2320, 4, 7, 7, 7, 'Frosting', ''),
	(DEFAULT, 2321, 10, 8, 8, 1, 'None', ''),
	(DEFAULT, 2322, 14, 1, 1, 1, 'None', ''),
	(DEFAULT, 2322, 9, 2, 2, 1, 'None', ''),
	(DEFAULT, 2323, 9, 4, 4, 1, 'None', ''),
	(DEFAULT, 2323, 10, 2, 2, 1, 'None', ''),
	(DEFAULT, 2325, 9, 9, 9, 1, 'None', ''),
	(DEFAULT, 2325, 5, 2, 2, 1, 'None', ''),
	(DEFAULT, 2326, 3, 2, 2, 6, 'Frosting', ''),
	(DEFAULT, 2326, 4, 2, 1, 3, 'Fondant', ''),
	(DEFAULT, 2327, 1, 2, 1, 7, 'Fondant', ''),
	(DEFAULT, 2328, 10, 9, 9, 1, 'None', ''),
	(DEFAULT, 2329, 3, 2, 5, 3, 'Frosting', ''),
	(DEFAULT, 2330, 4, 2, 1, 3, 'Fondant', ''),
	(DEFAULT, 2330, 4, 5, 5, 2, 'Frosting', ''),
	(DEFAULT, 2331, 5, 2, 2, 1, 'None', ''),
	(DEFAULT, 2331, 12, 2, 2, 1, 'None', ''),
	(DEFAULT, 2333, 15, 1, 1, 1, 'None', ''),
	(DEFAULT, 2334, 3, 2, 2, 4, 'Frosting', ''),
	(DEFAULT, 2334, 12, 6, 2, 1, 'None', ''),
	(DEFAULT, 2335, 1, 2, 2, 3, 'Frosting', ''),
	(DEFAULT, 2335, 4, 2, 1, 3, 'Fondant', ''),
	(DEFAULT, 2336, 9, 9, 9, 1, 'None', ''),
	(DEFAULT, 2336, 5, 2, 2, 1, 'None', ''),
	(DEFAULT, 2337, 15, 1, 1, 1, 'None', ''),
	(DEFAULT, 2338, 15, 1, 1, 1, 'None', ''),
	(DEFAULT, 2338, 1, 2, 1, 2, 'Fondant', ''),
	(DEFAULT, 2338, 3, 2, 1, 3, 'Fondant', ''),
	(DEFAULT, 2339, 14, 1, 1, 1, 'None', ''),
	(DEFAULT, 2339, 1, 2, 2, 4, 'Frosting', ''),
	(DEFAULT, 2340, 10, 2, 2, 1, 'None', ''),
	(DEFAULT, 2343, 14, 1, 1, 1, 'None', ''),
	(DEFAULT, 2343, 9, 2, 2, 1, 'None', ''),
	(DEFAULT, 2344, 10, 2, 2, 1, 'None', ''),
	(DEFAULT, 2345, 15, 1, 1, 1, 'None', ''),
	(DEFAULT, 2346, 15, 1, 1, 1, 'None', ''),
	(DEFAULT, 2346, 6, 1, 1, 1, 'None', ''),
	(DEFAULT, 2346, 14, 1, 1, 1, 'None', ''),
	(DEFAULT, 2347, 1, 10, 1, 2, 'Fondant', ''),
	(DEFAULT, 2348, 4, 2, 1, 8, 'Fondant', ''),
	(DEFAULT, 2348, 9, 2, 3, 1, 'None', ''),
	(DEFAULT, 2349, 4, 2, 1, 2, 'Fondant', ''),
	(DEFAULT, 2349, 14, 1, 1, 1, 'None', ''),
	(DEFAULT, 2350, 5, 2, 2, 1, 'None', ''),
	(DEFAULT, 2350, 6, 1, 1, 1, 'None', ''),
	(DEFAULT, 2350, 2, 10, 1, 2, 'Fondant', ''),
	(DEFAULT, 2351, 4, 2, 2, 3, 'Frosting', ''),
	(DEFAULT, 2353, 1, 4, 4, 2, 'Frosting', ''),
	(DEFAULT, 2354, 10, 2, 2, 1, 'None', ''),
	(DEFAULT, 2354, 5, 2, 2, 1, 'None', '')
;

-- -----------------------------------------------------
-- Sample Queries
-- -----------------------------------------------------
/*
USE CathyCakes;
SELECT CustomerLastName, CustomerFirstName, CakeOrderId, CakeOrderDateOrdered, ProductName, f1.FlavorName, f2.FlavorName, ShapeName
FROM Customer JOIN CakeOrder USING (CustomerId)
				JOIN ProductOrder USING (CakeOrderId)
                JOIN Product USING (ProductId)
                JOIN Flavor f1 ON FlavorIdCake = f1.FlavorId
                JOIN Flavor f2 ON FlavorIdExterior = f2.FlavorId
                JOIN Shape USING (ShapeId)
ORDER BY CakeOrderId;
*/
